eg,en,jo,msa,pa,sy,tn,prompt,response
و بيهربوا الحاجات دي و بجد بقى ناس كتير اوي فقراء,"And they do traffic with these thing, and really many people have become poor.",وبهربو هاي الاشياء وبضل ناس فقرا كتير,وبقوموا  بتهريب  تلك الاشياء .  ومع العلم  انه  يوجد  كتير  جدا من الفقراء .,وبهربوا هاي الشغلات وفي كثير ناس صاروا فقراء,وبيهربو الشغلات هي وعنجد في ناس كتير كتير فقرا,وهربوا برشا حاجات ويقعدوا لعباد فقراء,"<|begin_of_text|><|im_start|>user
Translate the following source text from Msa to Tn. Only return the Tn translation and nothing else.وبقوموا  بتهريب  تلك الاشياء .  ومع العلم  انه  يوجد  كتير  جدا من الفقراء .
Source: And they do traffic with these thing, and really many people have become poor.
Translation: <|im_end|>
","
وبقوموا بتهريب تلك الأشياء. ومع العلم أنه يوجد كثيراً من الفقراء."
اللي بيظلم مراته لا بيفكر في اخته ولا بيفكر غير في نفسه يعني لا بيهمه حد يظلم اخته ولا بيهمه غير نفسه,who oppress his wife won't think about his sister and he won't think but himself it means his interested if somebody id oppressing his sister and his interested only in him self,الي بظلم مرتو ما بفكر في اخته ولا في اي حد لا بهمو ازا حدا ظلم اختو او لا ما بهمو الا حالو,الذى يظلم زوجته لا يفكر في اخته ولا يفكر غير في نفسه بمعني لا يهمه إذا احد يظلم اخته ومهتم بنفسه فقط,اللي بظلم مرته لا بفكر في اخته ولا في حدا بيظلم اخته هو بس بفكر وبهتم في حاله,اللي بيظلم مرته لا بيفكر في أخته وما يفكر غير في حالو  يعني ما بيهمو لو حدا ظلم أختو ما بيهمو غير حالو,اللي يظلم مرتو مايخممش في اختو مايخمم كان في روحو يعني ما يهموش كان حد ظلملو اختو مايهمو كان في روحو,"<|begin_of_text|><|im_start|>user
Translate the following source text from Msa to Tn. Only return the Tn translation and nothing else.الذى يظلم زوجته لا يفكر في اخته ولا يفكر غير في نفسه بمعني لا يهمه إذا احد يظلم اخته ومهتم بنفسه فقط
Source: who oppress his wife won't think about his sister and he won't think but himself it means his interested if somebody id oppressing his sister and his interested only in him self
Translation: <|im_end|>
","யார் மனைவியை அவர்கள் அவரது சகோதரியை நினைக்கார் அல்லது அவர் தன்னை மட்டும் நினைக்கும், என்பது எந்தவொரு அந்த சகோதரியை அவர் அவர்கள் அவர்கள் அல்லது தன்னை மட்டும் கவனம் செலுத்துகின்றார்."
مقطع حصري وفريد,Video exclusive and unique,مقطع حصري وفريد,مقطع حصري وفريد,مقطع حصري وفريد,مقطع خاص ومافي منو,مقطع حصري وفريد,"<|begin_of_text|><|im_start|>user
Translate the following source text from Msa to Tn. Only return the Tn translation and nothing else.مقطع حصري وفريد
Source: Video exclusive and unique
Translation: <|im_end|>
",://அகத்திக்கு வீடியோ அடிக்குறையான மற்றும் அல்லானது
على الرغم من تبادل المشاعر بيننا,in spite of emotion exchange between us,حتى مع المشاعر الي بينا,على الرغم من تبادل المشاعر بيننا,على الرغم من تبادل المشاعر بننا,على رغم من تغيير  المشاعر بينا,بالرغم المشاعر متبادلة بيناتنا,"<|begin_of_text|><|im_start|>user
Translate the following source text from Msa to Tn. Only return the Tn translation and nothing else.على الرغم من تبادل المشاعر بيننا
Source: in spite of emotion exchange between us
Translation: <|im_end|>
",://நாம் நடையான உணர்வு பரிமாற்றம் இருந்தாலும்
منتظر ايه من اللصوص ؟,What are you waiting from thieves ?,شو مستني من الحرامية,ماذا تنتظر من اللصوص ؟,,شو مستني من الحرامي ؟؟؟,شنوا تستنى من السراق؟,"<|begin_of_text|><|im_start|>user
Translate the following source text from Msa to Tn. Only return the Tn translation and nothing else.ماذا تنتظر من اللصوص ؟
Source: What are you waiting from thieves ?
Translation: <|im_end|>
","
أنتظرون من اللصوص؟"
معرفش ليه المدونة الناس بتزورها مع إنها فاضية وما فيهاش حد يكتب فيها من زمن,"I don't know why people keep visiting the blog area, although it is been empty for a while now and no one is writing any thing",ما بعرف ليش الناس لساب تزور المدونة مع انها فاضية,لا اعلم لماذا يداوم الناس على زيارة المدونة مع إنها فارغة ولا يوجد احد للكتابه  بها  منذ  فتره .,المدونه فاضيه وما في حدا بكتب فيها من زمان ومع هيك الناس بتزورها,ما بعرف ليش الملاحظات الناس بتزورها مع أنو هي فاضية وما فيها حدا بكتب فيها من زمان,انا ما نعرفش علاش الناس مازالو يدخلوا للبلوق و هو فارغ مافيه شئ وماعادش حد يكتب فيه,"<|begin_of_text|><|im_start|>user
Translate the following source text from Msa to Tn. Only return the Tn translation and nothing else.لا اعلم لماذا يداوم الناس على زيارة المدونة مع إنها فارغة ولا يوجد احد للكتابه  بها  منذ  فتره .
Source: I don't know why people keep visiting the blog area, although it is been empty for a while now and no one is writing any thing
Translation: <|im_end|>
","
أنا مفتش إن شأني لماذا الناس بستمر على زيارة المدونة مع إنها فارغة وملغاة منذ وقت طويل ولم يكن لأي شخص الكتابة بها."
إية يا قمر عاملة إية مش هتفتحى النت ولا إية,"what is up moon, how do you do? will you log in to the internet or not?","شو يا قمر شو عاملة , مش رح تفتحي نت ؟",كيف حالك عزيزتى هل سوف تفتحى الإنترنت,شو يا قمر كيف حالك ما بدك تفتحي النت ؟,شو يعني يا قمر أنتي ما رح تفتحي النت ولا شو,شنوة يا حلوة شعاملة شنوى ماكش باش تكنكتي,"<|begin_of_text|><|im_start|>user
Translate the following source text from Msa to Tn. Only return the Tn translation and nothing else.كيف حالك عزيزتى هل سوف تفتحى الإنترنت
Source: what is up moon, how do you do? will you log in to the internet or not?
Translation: <|im_end|>
","
நீங்கள் எப்படி இருக்கிறீர்கள் அவர்கள், நீங்கள் இணையம் உடனே உள்ளீர்களா அல்லது அல்லாமல்?"
لانك شخصيه وبجد مش هعرف اوصفها,because you are a personality that i can not describe,انت جد شخصية مستحيل اقدر اوصفها,لأنك شخصية و لن اقدر أن أوصفها,عن جد ما شاء الله عليك سخصيتك ما بتنوصف,لأنك شخصية وعنجد ما رح أعرف أوصفها,على خاطرك شخصية بلحق منجمش نوصفها,"<|begin_of_text|><|im_start|>user
Translate the following source text from Msa to Tn. Only return the Tn translation and nothing else.لأنك شخصية و لن اقدر أن أوصفها
Source: because you are a personality that i can not describe
Translation: <|im_end|>
",://ஏன் நீங்கள் ஒரு சாதாரமான நபர் என்பதால் அதை விவரிக்க முடியாது.
بجد يا بنبونه توبيكاتك كلها تحفه ومنتظرين منك المزيد,"Really Banboon, your topics are real nice and waiting for more of you",جد يا بنبونه مواضيعك كلها تحفة وبنستنى منك اكتر,حقا يا عزيزتى موضوعاتك جميله و منتظرين المزيد,عن جد يا بنبونه كل مواضيعك حلوه وبنستنى الزيد منك,عنجد يا بنوته توبيكاتك كلها حلوة وعم نستنى منك الأكتر من هيك,برسمي يا بنبونة كلك تحفة و نستناو منك اكثر,"<|begin_of_text|><|im_start|>user
Translate the following source text from Msa to Tn. Only return the Tn translation and nothing else.حقا يا عزيزتى موضوعاتك جميله و منتظرين المزيد
Source: Really Banboon, your topics are real nice and waiting for more of you
Translation: <|im_end|>
","
أحسن يا عزيزتي، موضوعاتك حلوين ونتعوض ببعضك المزيد"
واحبب ما شئت فانك مفارقه ..,and love whatever you want because you are going to leave it..,حب الي بدك اياه اخرتك تفارقو,و أحب ما تريد لأنك ستفارقه,حب اللي بدك اياه والكل ميت ....,حب مين ما بدك بلأخر رح تفارق الكل,حب كل الي تريدوا على خاطرك ماشي و مخليه,"<|begin_of_text|><|im_start|>user
Translate the following source text from Msa to Tn. Only return the Tn translation and nothing else.و أحب ما تريد لأنك ستفارقه
Source: and love whatever you want because you are going to leave it..
Translation: <|im_end|>
","
அன்றாட நீங்கள் விரும்பும் எந்த விஷயத்தையும் அன்பு செய்யுங்கள், ஏனெனில் அதை விட்டுச்செல்ல வேண்டும்."
عارفه إيه اللى غايظنى أكتر ؟,you know what pisses me the most?,عارفة شو اكتر اشي غايظني,هل تعرف ماذا يضايقنى كثيرا ؟؟,بتعرفي شو اكثر اشي غايظني ؟,بتعرف شو أكتر شي غايظني ؟,تعرف شنوى اللي غايظني أكثر ؟,"<|begin_of_text|><|im_start|>user
Translate the following source text from Msa to Tn. Only return the Tn translation and nothing else.هل تعرف ماذا يضايقنى كثيرا ؟؟
Source: you know what pisses me the most?
Translation: <|im_end|>
","
أنت تعرف ما الذي يزعجني كثيرا؟"
و من نظرة الشباب الى واخدين الموضوع مجرد تسليه لا غير,and from the point of view of boys who take the subject as just a waste of time not something else,ومن نظرة الشباب الي ميخذين الموضوع بس تسلاية,ومن  نظره هؤلاء الشباب الذين ينظرون الى الامر على انه مجرد تسلية .,ومن وجهة نظر الشباب اللي معتبرين الموضوع بس تسليه,ومن نظرة الشباب الي أخدين الموضع مجرد تسلية مو أكتر,وحسب الشباب الموضوع مضيعة للوقت و اكهو,"<|begin_of_text|><|im_start|>user
Translate the following source text from Msa to Tn. Only return the Tn translation and nothing else.ومن  نظره هؤلاء الشباب الذين ينظرون الى الامر على انه مجرد تسلية .
Source: and from the point of view of boys who take the subject as just a waste of time not something else
Translation: <|im_end|>
","
இந்த விஷயத்தை காணும் இந்த பெரியர் எந்த விஷயமாக கருதுகின்றனர் அல்லது அதிகபட்சியான ஒன்று மட்டுமே அல்லது வேறுபட்சியான ஒன்று அல்ல."
ممكن ترجع لكتب كتير وتقرا اجتهاد كل شيخ في التفسير,possible you return to many books and read judgments of every sheikh in explanation,ممكن انك ترجع لكثير كتب وترأ اجتهاد كل شيخ بالتفسير,من الممكن أن ترجع الى كتب كثيرة و تقرأ إجتهاد كل شيخ فى التفسير,بتقدر ترجع لكتب التفسير وهي كثيره وتقرأ اجتهاد كل شيخ,ممكن ترجع لكتب كتير وتقرا اجتهاد كل شيخ في التفسير,تنجم ترجع لبرشا كتب و تقرا اجتهاد كل شيخ في التفسير,"<|begin_of_text|><|im_start|>user
Translate the following source text from Msa to Tn. Only return the Tn translation and nothing else.من الممكن أن ترجع الى كتب كثيرة و تقرأ إجتهاد كل شيخ فى التفسير
Source: possible you return to many books and read judgments of every sheikh in explanation
Translation: <|im_end|>
","
முடியக் கடிகார பல நூல்களுக்கு திரும்பி அவற்றில் ஒவ்வொரு இயக்கத்தின் அந்தந்த சீக்காவின் அல்லாஹ்வின் விளக்கத்தை படிக்கலாம்."
اه اكيد طبعاا علااء كان احق بس لو انت متااابع كورة كنت عرفت انه مصااب واصا بة شديدة هيقعد شهر واكيد مستوااه هيقل يااكابتن,oh sure Ala' deserved it but if you're a football fan you'd have known that he's strongly wounded and will sit for a month and his level will sure decrease,اه اكيد علاء كان احق بس لو متابع الكرة كنت عرفت انو مصاب اصابة قوية ورح يقعد شهر واكيد رح يقل مستواه,اوه أكيد علاء يستحق هذا ولكن إذا كنت من مشجعي كرة القدم كنت ستعلم أنه قد جرح بشدة وسيجلس لمدة شهر ولذلك سوف ينخفض مستواه,اه اكيد علاء احق منه بس لو انت متابع اخبار كرة القدم لكان عرفت انو علاء اتصاوب وبدو شهر تيرجع وكمان في هالشهر رح يقل مستواه يا كابتن,اي أكيد طبعا علاء كان أحق بس لو أنت متابع طابة كنت عرفت أنه مصاب وأصابة قوية كتير ورح يقعد شهر واكيد مستواه رح ينزل يا كابتن,بالطبيعة علاء يستحق كان جيت اتبع الكورة راك عرفت اللي هو مضروب وضربيو خطيرة ماهوش باش يلعب شهر واكيد مستواه باش يطيح يا كبتن,"<|begin_of_text|><|im_start|>user
Translate the following source text from Msa to Tn. Only return the Tn translation and nothing else.اوه أكيد علاء يستحق هذا ولكن إذا كنت من مشجعي كرة القدم كنت ستعلم أنه قد جرح بشدة وسيجلس لمدة شهر ولذلك سوف ينخفض مستواه
Source: oh sure Ala' deserved it but if you're a football fan you'd have known that he's strongly wounded and will sit for a month and his level will sure decrease
Translation: <|im_end|>
","أوه, علاء بلا شك يستحق ذلك، لكن إذا كنت مشجعًا لكرة القدم، كنت تعلم أنه قد جرح بشدة وسيتعلم لمدة شهر، وبالتالي سيخفض مستواه."
على وشك بس لما عبقري زيي يقف قدام حيوان زيك,"on your face, but when a genius like me stand in a front of an animal like you","تقريبا , بس لما عبقري زيي يوقف قدام حيوان زيك",قد قاربت و لكن عندما يكون عبقرى مثلى يقف امام وغد مثلك,على وشك بس يوم ذكي زيي يقف قدام غبي زيك,على وشك بس لما فهيم متلي بيوقف قدام حيوان متلك,كيفاش واحد عبقري كيفي يقف قدام حيوان كيفك,"<|begin_of_text|><|im_start|>user
Translate the following source text from Msa to Tn. Only return the Tn translation and nothing else.قد قاربت و لكن عندما يكون عبقرى مثلى يقف امام وغد مثلك
Source: on your face, but when a genius like me stand in a front of an animal like you
Translation: <|im_end|>
","
நீங்காவது முகத்தில், என்னுடைய அறிவியல் போன்ற ஒரு அறிவாளி நீங்கள் போன்ற ஒரு விலங்கினால் முன்னில் நின்றால்"
وتحكيلها حاجات كتير عنك مشاكلك همومك,and tell her  a lot of things about your worrying and problems,واحكيلها كل اشي عن مشاكلك وهمومك,و تخبرها عن العديد من مشاكلك و همومك,وتشكيلها همومك وتقولها شغلات كتيره عنك,وتحكيلها شغلات كتير عنك وعن مشاكلك وهمومك,وتحكيلها برشا حاجات عليك مشاكلك همومك,"<|begin_of_text|><|im_start|>user
Translate the following source text from Msa to Tn. Only return the Tn translation and nothing else.و تخبرها عن العديد من مشاكلك و همومك
Source: and tell her  a lot of things about your worrying and problems
Translation: <|im_end|>
",://அவருக்கு உங்கள் அந்த அளவில் போர்க்கும் பிரச்சினைகள் மற்றும் விசாரங்கள் பற்றி பல விவரங்களை சொல்லுங்க.
بوص يااخى الفاضل الغلاء ليس فى الحمه,"look my great brother, the expensive not in the Hama",شوف الغلاء مش في الحمة,انظر  ايها  الاخ  الفاضل  الغلاء ليس  فى  اللحوم .,شوف يااخي الكريم مش بس اللحمه غاليه كل شي غلي,شوف يا أخوي الغلا مو بس باللحمة,شوف يا خويا الغلا موش من السخانة,"<|begin_of_text|><|im_start|>user
Translate the following source text from Msa to Tn. Only return the Tn translation and nothing else.انظر  ايها  الاخ  الفاضل  الغلاء ليس  فى  اللحوم .
Source: look my great brother, the expensive not in the Hama
Translation: <|im_end|>
","
انظري يا اخي الفاضل الغالي لا يوجد في لحم."
وليه تسكتي للزمن اتكلمي,"and why would you stay silent for time, talk",وليش لتسكتي احكي الي بدك اياه,و لما الصمت لهذا الزمن تكلمى,ليش بتسكتى على حقك احكي,وليش تسكتي للزمن أحكي .,علاش تسكت للوقت تكلم,"<|begin_of_text|><|im_start|>user
Translate the following source text from Msa to Tn. Only return the Tn translation and nothing else.و لما الصمت لهذا الزمن تكلمى
Source: and why would you stay silent for time, talk
Translation: <|im_end|>
","
ولما الصمت لهذا الزمن تكلمى"
صدقنى ياباشا لو إتنازلت عن حقى مرة هاتتنازل كتير,Believe me man if I gave up on my right once I will give many times,صدقني لو تنازلت مرة رح اتنازل كتير,صدقنى يا سيدى إذا تنازلت عن حقى لمرة سأتنازل كثيراً,صدقني لو اتنازلت عن حقوقي مره رح اتنازل مرات غيرها,صدقني يا أخ لو إتنازلت عن حقي مرة رح أتنازل على طول,صدقني يا باشا كان إتنازلت على حقي مرة بش نتنازل برشا,"<|begin_of_text|><|im_start|>user
Translate the following source text from Msa to Tn. Only return the Tn translation and nothing else.صدقنى يا سيدى إذا تنازلت عن حقى لمرة سأتنازل كثيراً
Source: Believe me man if I gave up on my right once I will give many times
Translation: <|im_end|>
","
நம்பிக்கையாக, நீங்கள் எனது உரிமையை ஒரு முறை விட்டுச்செல்லும் என்றால், பல முறைகள் விட்டுச்செல்லுவேன்."
وكمان المراه واحدث الازياء,"and also the woman, the latest fashion",وكمان المراة واجدد الازياء,ايضا ً المرأة و أحدث الأزياء,وكمان المرأه واحدث الازياء,وكمان المرأة واجدد الملابس,و زادة المراة و احدث الازياء,"<|begin_of_text|><|im_start|>user
Translate the following source text from Msa to Tn. Only return the Tn translation and nothing else.ايضا ً المرأة و أحدث الأزياء
Source: and also the woman, the latest fashion
Translation: <|im_end|>
","://மாறாவின்று மனிதன், அன்றாட அணிந்துள்ள இணையான ஆடைகள்"
ولا عاوزه عسل منك سلام علا الفولى,"in a don't want honey from you, greetings, ""ALA FOULI""","ما بدي منك عسل , سلام , علا الفولي","و لا أريد عسل منك تحياتى ""علاء الفولى""",وما بدي منك عسل سلام علا الفولى,وما بدو عسل منك سلام على الفول,ما نحبش العسل من عندك سلم على الفولي,"<|begin_of_text|><|im_start|>user
Translate the following source text from Msa to Tn. Only return the Tn translation and nothing else.و لا أريد عسل منك تحياتى ""علاء الفولى""
Source: in a don't want honey from you, greetings, ""ALA FOULI""
Translation: <|im_end|>
","
அலா போலி அவரிடம் நான் ஆருமேன் என்று அவரிடம் அனுப்பின நல்வாக்கம்"
يا بنى الدكاترة دول فى ملكوت لوحدهم مش بس فى كده لأ فى التصحيح وفى المكرر والملغى والتأخير وحاجات كتير قوى,"my son these doctors are living in their world alone, there is a correction for the repeated, deleted, late and many other things",يا حبيبي هدول الدكاترة عايشين بدنبا لحالهم مش بس هيك لا و بالتصحيح وفي المكرر والملغي والتاخير وكل اشي,يا  ابنى  هؤلاء  الدكاتره   يعيشون  فى  ملكوتهم الخاص .وليس  هذا  كل  شئ .و لكن  فى  عمليه  التصحيح  والمكرر والتأخير  واشياء  كثيره  مثل  ذلك  ...,يا ابني الدكاتره في عالم لحالهم مش بس في هيك كمان في التصليح وفي المكرر والملغى والتأخير وشغلات كثير,يا أبن الدكاترة هدول في ملكوت لوحدهم مو بس في هيك لأفي التصحيح وفي المكرر والملغي والتأخير شغلات كتير كتير,يا ولدي الدكاترة هاذم في كوكب وحدهم مش بتصحيح وإلغاء وتوخير بركة في برشة حاجات أخرى,"<|begin_of_text|><|im_start|>user
Translate the following source text from Msa to Tn. Only return the Tn translation and nothing else.يا  ابنى  هؤلاء  الدكاتره   يعيشون  فى  ملكوتهم الخاص .وليس  هذا  كل  شئ .و لكن  فى  عمليه  التصحيح  والمكرر والتأخير  واشياء  كثيره  مثل  ذلك  ...
Source: my son these doctors are living in their world alone, there is a correction for the repeated, deleted, late and many other things
Translation: <|im_end|>
","என் மகனே, இந்த மருத்துவர்கள் தங்களுடைய உலகத்தில் ஒருவருமாக வாழ்கின்றனர், மீண்டும், திரும்பி, அடுத்தாக மற்றும் பல பிற செயல்களுக்கு ஒரு சீராக்கம் உள்ளது..."
اما بعد,and then,وبعد هيك,أما بعد,اما بعد,وبعدين,اما بعد,"<|begin_of_text|><|im_start|>user
Translate the following source text from Msa to Tn. Only return the Tn translation and nothing else.أما بعد
Source: and then
Translation: <|im_end|>
","://
பிறக்கும்"
لازم منكش سلبيين على طول الخط وضربينها طبنجه,we shouldn't be negative all the times,لازم ما كنا سلبيين طول الوقت,لا  يجب ان نكون  بهذه  السلبيه  على  طول  الدوام .,مش لازم نكون سلبيين دايما وضاربينها بعرض الحيط,لازم ما نكون سلبين على طول ونضربها بسكينة,لازم مانكنوش سلبيين برشة و ديما,"<|begin_of_text|><|im_start|>user
Translate the following source text from Msa to Tn. Only return the Tn translation and nothing else.لا  يجب ان نكون  بهذه  السلبيه  على  طول  الدوام .
Source: we shouldn't be negative all the times
Translation: <|im_end|>
",://நாம் அனைவது நேரங்களிலும் எதிர்க்கும் இல்லையாக இருக்க வேண்டாம்.
حتي لا يخسرك بسبب ذلك,So that he won't lose you over it.,مشان ما يخسرك بسبب هداك الاشي,حتي لا يخسرك بسبب ذلك,حتى ما يخسرك لهالسبب,حتى لا يخسرك بسبب هالشي,باش ما يخسركش بسبب ذلك,"<|begin_of_text|><|im_start|>user
Translate the following source text from Msa to Tn. Only return the Tn translation and nothing else.حتي لا يخسرك بسبب ذلك
Source: So that he won't lose you over it.
Translation: <|im_end|>
","
حتى لا يخسرك بسبب ذلك"
ولوعه وأسى ... ومش أى حد بيقدر يكتمه ...,"Even if it on my head, not everyone can keep it down.",ولوعة وحزن ... مش اي حد بقدر يخبيه,لوعه وأسى ... ولا يوجد احد يستطيع أن يكتمه ....,ولوعه وحزن ..ومش اي حدا بقدر يكتمه..,وشوق وأسى .... ومو أي حدا بيقدر يخبيه .....,ولوعه وأسى ... وموش أي واحد ينجم يخبيه ...,"<|begin_of_text|><|im_start|>user
Translate the following source text from Msa to Tn. Only return the Tn translation and nothing else.لوعه وأسى ... ولا يوجد احد يستطيع أن يكتمه ....
Source: Even if it on my head, not everyone can keep it down.
Translation: <|im_end|>
","
لوعه وأسى... ولا يوجد احد يستطيع أن يكتمه..."
بس ياريت يا جماعة الردود متنكنش بس مشجعة كمان تكون ردود تحتوي على اضافه جديدة او معلومة جديدة متعلقة بالموضوع,"but I wish people that the replies are not only encouraging, but also the replies will contain new addition or new information related to the subject",يا جماعة ما تخلو الردود بس مشجعة خلوها كمان اضافة جديدة ومتعلقة بالموضوع,برجاء من الجميع أن تكون المشاركات ليست فقط مشجعة بل أيضاً تحتوى على إضافة جديدة أو معلومة جديدة متعلقة بالموضوع,يا ريت الردود ما تكون بس تشجيع بتمنى تكون تحتوي على اضافه او معلومه مهمه متعلقة بالموضوع,بس ياربت يا جماعة الردود ما تكون بس مشجعة وكويسه وتكون كمان ردود فيها أضافة جديد أو معلومة جديدة متعلقة بالموضوع .,اما ياريت يا جماعة الردود ماتكونش مشجعة اكهو لازم تكون زادة ردود فيهااضافة جديدة او معلومة جديدة متعلقة بالموضوع,"<|begin_of_text|><|im_start|>user
Translate the following source text from Msa to Tn. Only return the Tn translation and nothing else.برجاء من الجميع أن تكون المشاركات ليست فقط مشجعة بل أيضاً تحتوى على إضافة جديدة أو معلومة جديدة متعلقة بالموضوع
Source: but I wish people that the replies are not only encouraging, but also the replies will contain new addition or new information related to the subject
Translation: <|im_end|>
","போர் அனைவரும் அனுமானமான பதில்கள் அனைத்தும் அனுமானமானவையாக இருக்கும் என்றும், அதில் புதிய அடிக்குறைப்பு அல்லது புதிய தகவல் இணைக்கப்பட்டிருக்கும் என்றும் கேட்டுக்கொள்வன."
ربنا ينصر الاسلام والمسلمين جزاكم الله كل خير,god help the Muslims and Islam,"الله ينصر الاسلام والمسلمين , الله يجزيكم كل خير",ربنا ينصر الإسلام والمسلمين جزاكم الله كل خير,الله ينصر الاسلام والمسلمين الله يعطيكو العافيه,الله ينصر الأسلام والمسلمين يارب الله يجزيكم كل خير,ربي ينصر الاسلام و المسليمين جزاكم الله كل خير,"<|begin_of_text|><|im_start|>user
Translate the following source text from Msa to Tn. Only return the Tn translation and nothing else.ربنا ينصر الإسلام والمسلمين جزاكم الله كل خير
Source: god help the Muslims and Islam
Translation: <|im_end|>
",://நமது இஸ்லாம் மற்றும் முஸ்லிம்களை நம் அல்லாஹ் அனைத்து நன்மையுடன் அவர்களை அழைத்துக்கொள்.
الصراحة هو بيفكرنى بالاسطورة البرازيلى بيليه .,"actually he reminds me about the Brazilian legend ""Beleeh"" .",الصراحة هو بذكرني بالاسطورة البرازيلي بيليه,بكل صراحه انه يذكرنى بالاسطوره البرازيلى بيليه,بصراحة هو بذكرني بالسطوره البرازيلي بيليه,الصراحة هو بيذكرني  بالأسطورة البرازيلية,بصراحة إفكرني ببيلي الاسطورة البرازيلي,"<|begin_of_text|><|im_start|>user
Translate the following source text from Msa to Tn. Only return the Tn translation and nothing else.بكل صراحه انه يذكرنى بالاسطوره البرازيلى بيليه
Source: actually he reminds me about the Brazilian legend ""Beleeh"" .
Translation: <|im_end|>
","://நேர்நிலையில் அவர் பிரேசில் அதிசட்டிகளின் ""பெலேலி"" குறித்து என்னை நினைவுக்கு கொள்ளும்."
يعنى بيغتصب جسم المرأه كله,that is rapping the entire body of woman,يعني بغتصب كل جسم المرأة,يغتصب جسم المرأه كله,يعني بغتصب كل جسم المرأه,يعني بيغتصب جسم المرأة كلو,يعني يغتصب بدن لمراء الكل,"<|begin_of_text|><|im_start|>user
Translate the following source text from Msa to Tn. Only return the Tn translation and nothing else.يغتصب جسم المرأه كله
Source: that is rapping the entire body of woman
Translation: <|im_end|>
",://அன்றோர் மகளிர் முழு உடல் மீது மோசமான வார்த்துகின்றனர்
هبهههوب,Habhoob.,هبهووووب,هبهههوب,هيهههوب,هبههههههههههههههههههههههوب,هبهههوب,"<|begin_of_text|><|im_start|>user
Translate the following source text from Msa to Tn. Only return the Tn translation and nothing else.هبهههوب
Source: Habhoob.
Translation: <|im_end|>
","
حبهوب"
كمبيوتر ؟,Computer?,كمبيوتر ؟,كمبيوتر ؟,كمبيوتر؟,كمبيوتر ؟,ارديناتور؟,"<|begin_of_text|><|im_start|>user
Translate the following source text from Msa to Tn. Only return the Tn translation and nothing else.كمبيوتر ؟
Source: Computer?
Translation: <|im_end|>
","
கணினி?"
يا ترى اكتر حاجه ديقتك واثرت على حياتك وي ا,I`m wondering what's the most thing that bothered you and affected your life,شو اكتر اشي دايقك واثر على حياتك,ما هو أكثر شئ يؤلمك وأثر على حياتك ؟,شو اكثر حاجه ذايقتك واثرت على حياتك ؟,يا ترى شو أكتر شي دايقك واثر في حياتك كتير,زعمة شنوى اكثر حاجة قلقتك و اثرتلك على حيلتك برشا,"<|begin_of_text|><|im_start|>user
Translate the following source text from Msa to Tn. Only return the Tn translation and nothing else.ما هو أكثر شئ يؤلمك وأثر على حياتك ؟
Source: I`m wondering what's the most thing that bothered you and affected your life
Translation: <|im_end|>
","
நீங்கள் அனைவரும் என்ன மிகவும் அவர்களையும் வருந்தியது மற்றும் உயரிய வாழ்வில் பாதித்தது?"
السيد دأنا مكتف الولية وحارمها من الخروج ولبس الفساتين وماسك العيال عمال أحفظ فيهم أسماء الصحابة والأحاديث لمّا ريقي نشف .,Mr I am holding the lady and depriving her form getting out and wearing dresses and holding the kids to get them learn the name of the prophets and the talks till my throat was dry,السيد انا مربط المرا وحارمها من الطلعة ولبس الفساتين وماسك الولاد بحفظ فيهم اسماء الصحابة والاحاديث لحتى نشف ريقي,السيد انا كثيرا  ما اضيق الخناق  على  زوجتى  واحرمها  من  الخروج  وارتداء  الفساتين . وكل  همى  هو ان احفظ اطفالى  اسماء الصحابه  والاحاديث .,السيد ما انا مكتف مرتي ومانعها من الطلعه ولبس الفساتين وبحفظ في اولادي اسماء الصحابه تمنه نشف ريقي,السيد أنا مكتف المرأة وحارمها من الطلعة من البيت ولبس الروب وماسك الولاد وعم أحفظهم أسماء الصحابة والأحاديث لحتى ريقي نشف,راني شاد عليها العسة ومانخليهاش تخرج وقاعد نحفض في ولادي في أسماء الصحابة والأحاديث حتى ريقي شاح.,"<|begin_of_text|><|im_start|>user
Translate the following source text from Msa to Tn. Only return the Tn translation and nothing else.السيد انا كثيرا  ما اضيق الخناق  على  زوجتى  واحرمها  من  الخروج  وارتداء  الفساتين . وكل  همى  هو ان احفظ اطفالى  اسماء الصحابه  والاحاديث .
Source: Mr I am holding the lady and depriving her form getting out and wearing dresses and holding the kids to get them learn the name of the prophets and the talks till my throat was dry
Translation: <|im_end|>
",ஸர் நான் எனது மனைவியின் மீது அடிக்குறைப்பேன் மற்றும் அவருக்கு வெளியே செல்ல அனுமதி செய்வேன் மற்றும் ஆடைகளை அணிய அனுமதி செய்வேன். எனது குழந்தைகளை அந்த நபிகளின் பெயர்களையும் உரைகளையும் கற்று வருவதற்கு என் குழந்தைகளை அலோத்து வருகிறேன்.
وبعدين إنتا بتسألنى أنا متسأل الى بيعملوا كده,then you are asking i am asking about what they are doing so,"انت بتسألني انا ليش , اسال الي بعملو هيك",ثم انت تسألنى و انا الذى اسال لماذا يفعلوا هكذا,وبعدين ليش بتيال فيي اسال اللي بسووا هيك,وبعدين أنت ليش عم تسألني أسأل الي عم يعملو هيك,ومبعد تسألني شبيهم يعملوا هكا,"<|begin_of_text|><|im_start|>user
Translate the following source text from Msa to Tn. Only return the Tn translation and nothing else.ثم انت تسألنى و انا الذى اسال لماذا يفعلوا هكذا
Source: then you are asking i am asking about what they are doing so
Translation: <|im_end|>
","
ثم أنت تسألني وأنا الذي أسأل لماذا يفعلون هكذا"
ماحدش يكسب فيا ثواب ويخطفني انا كمان !!,isn't there any body to do me a favor and kidnap me too!!,يا ريت حد يخطفني ويكسب فيا ثواب,هل يوجد احد يعمل بى معروف ويخطفنى أنا أيضا ً !!,الحكاية بطيخ خالص ..,ما حدا بدو يكسب فيها ثواب ويخطفي أنا كمان !!!!!,حد ما يكسب فيا ثواب و يخطفني انا زادة,"<|begin_of_text|><|im_start|>user
Translate the following source text from Msa to Tn. Only return the Tn translation and nothing else.هل يوجد احد يعمل بى معروف ويخطفنى أنا أيضا ً !!
Source: isn't there any body to do me a favor and kidnap me too!!
Translation: <|im_end|>
","
هل يوجد احد يعمل بى معروف ويخطفنى أنا أيضا ً!!
Target: எப்போது எவரும் எனக்கு ஒரு நல்ல செய்வினை செய்வார்கள் என்று என்னையும் கடந்து அடிக்க வைக்கின்றார்களா?"
الصديق يقف جنب صديقه فى السراء ووالضراء مايتكسفش منه فى اى حاجة يفرح لفرحه ويزعل لزعله يكون رأيه حكيم معاك,"a friend stands by his friend in good times and in bad, is not embarrassed by him for any reason, is happy for his happiness and sad for his sadness, he has a wise opinion for you",الصديق بيوقف جنب صديقو في الفرح والحزن ما بيخجل منو بأي اشي بفرح لفرحو وبزعل لزعلو وبعطيك رأي صحيح,الصديق يقف الى جانب صديقه فى السراء و فى الضراء ولا يخجل منه فى أى شىء ، يفرح لفرحه و يحزن لحزنه و يشاركك الرأى الحكيم,الصديق بكون دايما جنب صديقه في السراء والضراء وما بخجل منه وبفرح لفرحه وبحزن لحزنه وبيحاول يدله على الصح,الرفيق بيوقف جنب رفيقو في السراء والضراء وما بيخجل منو في أي شي بيفرح لفرحه وبيزعل لزعلو ويكون رأيه مظبوط معه,الصاحب ياقف مع صاحبو في الباهي و الخايب ما يحشمش منو يفرح لفرحو و يحزن لحزنو ويكون حكيم في رأيه معاك,"<|begin_of_text|><|im_start|>user
Translate the following source text from Msa to Tn. Only return the Tn translation and nothing else.الصديق يقف الى جانب صديقه فى السراء و فى الضراء ولا يخجل منه فى أى شىء ، يفرح لفرحه و يحزن لحزنه و يشاركك الرأى الحكيم
Source: a friend stands by his friend in good times and in bad, is not embarrassed by him for any reason, is happy for his happiness and sad for his sadness, he has a wise opinion for you
Translation: <|im_end|>
","
அன்பனான நண்பன் அவனுடைய நலமான நேரங்களிலும் மற்றும் திடைகளிலும் நிற்கின்றான், அவனுக்கு எந்த காரணத்திற்கும் வழிகின்றான், அவனுடைய சந்தோஷத்திற்கு அந்தக் காட்சிகளை அளிக்கின்றான், அவனுடைய வருத்தத்திற்கு வருந்துகின்றான், நீங்கள் அவனுக்கு அருமையான கருத்து கொடுக்கின்றான்."
علشان نصور المكوة والقريش ..,To film ironing and cheese.,علشان نصور المكوة والجبنة,حتى نصور المكواه والجبن,علشان نصور المكوة والقريش ..,مشان نصور المكوية والفرش ....,باش نصوروا مكة و قريش,"<|begin_of_text|><|im_start|>user
Translate the following source text from Msa to Tn. Only return the Tn translation and nothing else.حتى نصور المكواه والجبن
Source: To film ironing and cheese.
Translation: <|im_end|>
","
அது தான் விசையாட்டு மற்றும் பாணாக்கம் படம் பிடிப்பது."
أنا مش أغلى من الدره ...,I am not more expensive than a pearl...,انا مش اغلى من الجوهرة,انا لست أغلى من الدره .,انا مش اغلى من الدره ...,"أنا مو أغلى من الدره ,,,,,",انا مانيش اغلى من الدرة,"<|begin_of_text|><|im_start|>user
Translate the following source text from Msa to Tn. Only return the Tn translation and nothing else.انا لست أغلى من الدره .
Source: I am not more expensive than a pearl...
Translation: <|im_end|>
","://
أنا لست أغلى من الدره."
ويا تطلع البطيخه قرعه يا قرعه,And the watermelon will be bald anyway,البطيخة رح تطلع قرعة بكل الاحوال,و على اى حال نكتشف ان البطيخة فاسدة,ويا تطلع البطيخه تفله يا تفله,ويا تطلع البطيخة قرعه يا قرعه,البطيخة يا تطلع قرعة ولا قرعة,"<|begin_of_text|><|im_start|>user
Translate the following source text from Msa to Tn. Only return the Tn translation and nothing else.و على اى حال نكتشف ان البطيخة فاسدة
Source: And the watermelon will be bald anyway
Translation: <|im_end|>
","://
எனினும், நான் நீர்த்தான் வள்ளிப்போவது வாய்ந்து விட்டது."
رحت راقعة بالعكاز فى ام نافوخه رحت مسيح دمه,"so I hit him with a stick in his head, so I wiped his blood",ضربتو بالعكازة في نص راسو طيحت دمو,و قمت بضربه بالعصا على رأسه فغرق فى دمائه,ضربته بالعصا  على راسه ونزلتله دمه,رح ضربتها بالعكازه هي نص راسو  وخليت الدم للركب,ضربتلوا راسوا بالعكاز كسرتهولوا و سيحت دموا,"<|begin_of_text|><|im_start|>user
Translate the following source text from Msa to Tn. Only return the Tn translation and nothing else.و قمت بضربه بالعصا على رأسه فغرق فى دمائه
Source: so I hit him with a stick in his head, so I wiped his blood
Translation: <|im_end|>
","
நான் அவரின் தலையில் கட்டையால் அடித்து, அவரின் இரத்தத்தை நீராட்டினேன்."
ازيك واكيف اخبارك,"How are you, and what are your news",كيفك شو اخبارك؟,كيف حالك و كيف اخبارك ؟,كيف حالك وشو اخبارك ؟,كيفك وشو أخبارك ؟,شنحوالك شعامل,"<|begin_of_text|><|im_start|>user
Translate the following source text from Msa to Tn. Only return the Tn translation and nothing else.كيف حالك و كيف اخبارك ؟
Source: How are you, and what are your news
Translation: <|im_end|>
","://நீங்கள் எப்படி இருக்கிறீர்கள், நீங்கள் என்ன செய்திகள்?"
إنت هتخش الجنة وأنا هاخش النار وهتعمل كل الحرام اللي أنا باعمله,"you'll be in the heavem and I'll be in the hell fire, and you'll do all what is prohibited that I do",انت رح تدخل الجنة وانا النار ورح تعمل كل الحرام الي انا بعملو,إنت سوف تدخل الجنة وأنا سوف أدخل النار وسوف تفعل كل الحرام الذى أفعله,انت رح تدخل الجنه وانا بدخل النار حتى لو عملت نفس الحرام اللي انا عملته,إنت رح تدخل الجنة وأنا رح أدخل النار ورح تعمل كل الحرام الي أنا بعملو,انت باش تدخل الجنة وانا باش ندخل النار و باش تعمل الحرام الكل اللي انا نعمل فيه,"<|begin_of_text|><|im_start|>user
Translate the following source text from Msa to Tn. Only return the Tn translation and nothing else.إنت سوف تدخل الجنة وأنا سوف أدخل النار وسوف تفعل كل الحرام الذى أفعله
Source: you'll be in the heavem and I'll be in the hell fire, and you'll do all what is prohibited that I do
Translation: <|im_end|>
","
நீங்கள் சொர்க்கத்தில் இருப்பீர்கள், நான் நரகத்தில் இருப்பேன், நீங்கள் நான் செய்யும் அனைத்து தவறான செயல்களையும் செய்பவீர்கள்."
والدكتور شعر بخيبة آمل ولكنه أتفاجأ بأيد مرفوعة علي استحياء انها يد وسيم,"The doctor was disappointed, but he got surprised with a shyly raising hand it was Waseem's hand","والدكتور خاب املو بس اتفاجأ بايد مرفوعة بخجل , ايد وسيم",والدكتور شعر بخيبة آمل ولكنه تفاجأ بأيد مرفوعة علي إستحياء إنها يد وسيم,حس الدكتور بخيبة امل بس تفاجأ بايد مرفوعة بتردد وهي ايد وسيم,والدكتور حس بخيبة أمل بس  أتفاجأ بأيد مرفوعة على خجل هي أيد وسيم,و الطبيب حس بخيبة امل اما اتفا جأ بيدين مهزوزة و طلعت يد سليم,"<|begin_of_text|><|im_start|>user
Translate the following source text from Msa to Tn. Only return the Tn translation and nothing else.والدكتور شعر بخيبة آمل ولكنه تفاجأ بأيد مرفوعة علي إستحياء إنها يد وسيم
Source: The doctor was disappointed, but he got surprised with a shyly raising hand it was Waseem's hand
Translation: <|im_end|>
","://டாக்டர் அவர் வருந்தினார், ஆனால் அவர் வேசீமின் அவர்கள் மனமாடிய எழுப்பிய கை இருந்ததை அடைந்து அதிசடமானார்."
ومن شرهن ده لما كانو طيبين وبحالهن قال ربنا عنهم ان كيدهن عظي,"and from their evil, and when they were kind god said about them Truly mighty is women snare",ومن شرهن هاد ربنا حكى عنهم ان كيدهن عظيم,و عن شرهن عندما كانوا طيبات و قال الله عنهم إن كيدهن عظيم,ومن شرهم هدا وزمان وهن طيبات في حالهن الله قال عنهن ان كيدهن عظيم,ومن شرهن هاد لما كانو طيبين وبحالن قال الله عنهم ( إن كيدهن عظيم ),ومن شرهم هذا كيف كانو طيبين و رايضين ربي قال عليهم ان كيدهن عظيم,"<|begin_of_text|><|im_start|>user
Translate the following source text from Msa to Tn. Only return the Tn translation and nothing else.و عن شرهن عندما كانوا طيبات و قال الله عنهم إن كيدهن عظيم
Source: and from their evil, and when they were kind god said about them Truly mighty is women snare
Translation: <|im_end|>
","
மற்றும் அவர்கள் தீயவை இருக்கும்போது, அல்லாஹ் அவர்கள் குறித்து அவர்கள் செயல்கள் பெரியவை என்பதை சொன்னார்."
احنا لازم نعرف اننا مهزومين ونعترف بكدة لكن لازم نعرف ان االعدو مش ممكن يبقى صديق ولازم نعلم ولادنا ان ده عدونا,"We must know and admit that we were Defeated, but we must know the enemy will never turn into a friend, and we must teach our sons and daughter that this is our enemy.",احنا لازم نعترف انا مغلوبين ولازم نعرف انو العدو مستحيل يكون صديق ولازم نحكي لولادنا مين هو عدونا,من المهم معرفة اننا قد هزمنا و نعترف بذلك و لكن يجب معرفة ان العدو لا يمكن ان يكون صديق و نعلم ابنائنا ان هذا عدونا,احنا لازم نعترف بالهزيمه بس لازم نعرف كمان انو العدو ولا مره ممكن يصير صديق وواجب علينا نبين لولادنا انو هدا عدونا,نحنا لازم نعرف أننا خسارنين ونعترف بهيك لكن لازم نعرف أن العدو مو  ممكن أنو صديق ولازم نعلم ولادنا أنو هاد عدونا,احنا لازم نعرفوا انا تغلبنا و نستعرفوا اما لازم نعرفوا اللي العدو ما ينجمش يولي صاحب و لازم نقول لولادنا ان هذاكا عدونا,"<|begin_of_text|><|im_start|>user
Translate the following source text from Msa to Tn. Only return the Tn translation and nothing else.من المهم معرفة اننا قد هزمنا و نعترف بذلك و لكن يجب معرفة ان العدو لا يمكن ان يكون صديق و نعلم ابنائنا ان هذا عدونا
Source: We must know and admit that we were Defeated, but we must know the enemy will never turn into a friend, and we must teach our sons and daughter that this is our enemy.
Translation: <|im_end|>
","நமக்கு தெரியும் மற்றும் அங்கீகரிக்க வேண்டும் என்பது நாம் தோற்றுவது என்று, ஆனால் எதிரியின் நண்பனாக மாற முடியாது என்பது நாம் அறிய வேண்டும், மேலும் நமது மகன்களுக்கும் மகளிருக்கும் இது எந்திரி என்பதை கற்றுக்கொடுக்க வேண்டும்."
انا شفتها تمانيه بس هقول ايه هتنزل المره دى مروان,i did see here but i'll say what are you going to download this time Marwan,انا شفتها هون بس شو رح احكي شو بتنزل مروان,انى رايتها ثمانيه و لكن ماذا اقول سوف تسقط هذه المره يا مروان,رح تنزل المره هاي يا مروان ان شفتها ثمانيه بس شو بدي احكي,أنا شفتها تمانية بس رح قول شو رح تنزل المرة هي مروان,أنا ريتها مع ثمانية وإنت باش تهبط توا يا مروان,"<|begin_of_text|><|im_start|>user
Translate the following source text from Msa to Tn. Only return the Tn translation and nothing else.انى رايتها ثمانيه و لكن ماذا اقول سوف تسقط هذه المره يا مروان
Source: i did see here but i'll say what are you going to download this time Marwan
Translation: <|im_end|>
","
நான் இங்கே பார்த்தேன் என்றாலும், நீங்கள் இந்த முறை ஏன் டவுன்லோட் செய்வீர்கள் என்று சொல்ல மாறான?"
ونستغل زكائنا ونختبر الانسان اللي ارتبطنا بيه واللي هنعيش معاه بقيت عمرنا,and exploits our intelligent and tested human who link with him and will live with him rest of our life,لازم نستغل ذكائنا ونختبر الانسان الي ارتبطنا فيه واللي رح نعيش معو طول عمرنا,ونستغل ذكائنا ونختبر الإنسان الذى إرتبطنا به وسوف نعيش معه باقى العمر,وبذكائنا بنختبر الانسان اللي ارتبطنا فيه واللي بدنا نعيش معه لاخر حياتنا,وبنحاول نستغل زكائنا ونختبر الأنسان اللي ارتبطنا فيه  واللي رح نعيش معو باقي عمرنا,و نستغل ذكائنا و نجرب العبد اللي ارتبطنا بيه واللي باش نكمل معاه حياتي,"<|begin_of_text|><|im_start|>user
Translate the following source text from Msa to Tn. Only return the Tn translation and nothing else.ونستغل ذكائنا ونختبر الإنسان الذى إرتبطنا به وسوف نعيش معه باقى العمر
Source: and exploits our intelligent and tested human who link with him and will live with him rest of our life
Translation: <|im_end|>
","://நாம் நமது அறிவை பயன்படுத்தி, நமது அறியாக்கப்பட்ட மனிதனை இணைத்துக்கொண்டு, அவருடன் எங்கள் வாழ்வின் பிறகு வாழ முடியும்."
بص هو فعلا موضوع الحفلات فى الجامعه ده مش صح اساسا لان المفروض ان الجامعه دى مكان للتعليم ده المفروض يعنى والحفلات دى ليها اماكنها,listen really the party topic at the university is not true because basically the university is a place for teaching this is basically which means that the party has its own place,شوف هو موضوع الحفلات بالجامعة مش صح لانو الجامعة مكان تعليم والحفلات الها اماكنها,اسمع، موضوع الحزب في الجامعة ليس صحيحاً لأن الجامعة في الأساس هي مكان للتعليم وهذا يعني أن الحزب له مكانه الخاص,شوف هو عمل الحفلات في الجامعه اصلا مش صح لانو هو مكان للتعليم مش مكان رقص واغاني والحفلات الها امكن خاصه هيك المفروض,شوف هو فعلا موضوع الحفلات في الجامعة هاد مو صح اساسا لأنو المفروض انو الجامعة هي مكان للتعليم هاد المفروض يعني والحفلات هي الها أماكنها,شوف هو بالحق موضوع الحفلات فى الجامعة موش صحيح جملة على خاطر المفروض ان الجامعة نقراو فيها هذا هو المفروض والحفلات هاذي ليها بقعتها,"<|begin_of_text|><|im_start|>user
Translate the following source text from Msa to Tn. Only return the Tn translation and nothing else.اسمع، موضوع الحزب في الجامعة ليس صحيحاً لأن الجامعة في الأساس هي مكان للتعليم وهذا يعني أن الحزب له مكانه الخاص
Source: listen really the party topic at the university is not true because basically the university is a place for teaching this is basically which means that the party has its own place
Translation: <|im_end|>
","
கேட்க, பல்கலைக்கழகத்தில் கட்சி போட்டம் சரியானது அல்ல ஏனென்றால் பல்கலைக்கழகம் அடிப்படையில் கல்வி இடமாக உள்ளது இது என்பது அதன் கட்சிக்கு தனி இடம் உள்ளது."
البرنامج ده تدخله ملف مكتوب او اى حاجة مكتوبة يخرجها من الناحية التانية ملف صوت متسجل بالكلام اللى مكتوب فى الورقة على هيئة امتداد,that program enter written file or any written things will extract from other side as audio file recorded with what written in the paper on shape of extension,هاد البرنامج بتدخلو ملف مكتوب من جهة وبطلعو ملف صوت بالحكي المكتوب من الجهة التانية بامتداد,قم بإدخال ملف مكتوب على هذا البرنامج يقوم بإخراجها كملف صوتى مُسجل بالكلام الذى كُتِب فى الملف كما يتغير إمتداده,الية عمل هدا البرنامج انو بتدخله البانات مكتوبه بطلعها صوت مسجل بالكلمات المكتوبه على الورقه على شكل امتداد,البرنامج هاد رح تدخله ملف مكتوب أو أي شي مكتوبة يخرج من الناحية التانية ملف صوت مسجل بالكلام الي مكتوب في الورقة على شكل أمتداد,هالبرنامج تدخلو ملف مكتوب ولا اى حاجة مكتوبة يخرجها من ا لجهة لخرى ملف صوت متسجل بالكلام اللى مكتوب فى الورقة على هيئة امتداد,"<|begin_of_text|><|im_start|>user
Translate the following source text from Msa to Tn. Only return the Tn translation and nothing else.قم بإدخال ملف مكتوب على هذا البرنامج يقوم بإخراجها كملف صوتى مُسجل بالكلام الذى كُتِب فى الملف كما يتغير إمتداده
Source: that program enter written file or any written things will extract from other side as audio file recorded with what written in the paper on shape of extension
Translation: <|im_end|>
",أهتمام: قم بإدخال الملف المكتوب هذا البرنامج سيقوم بتحويله إلى ملف صوتي مسجل بالكلام والذي يحتوي على ما هو مكتوب في الملف بنفس الشكل والتنسيق.
ابو وطن صباح شريف معاليك,"the father of this nation, good morning your honor",ابو وطن صاح شريف معاليك,ابو وطن صباح الخير سيادتك,صباح شريف معالي ابو وطن,أبو وطن صباح سعادتك,بو وطن صباح شريف يا سيدي,"<|begin_of_text|><|im_start|>user
Translate the following source text from Msa to Tn. Only return the Tn translation and nothing else.ابو وطن صباح الخير سيادتك
Source: the father of this nation, good morning your honor
Translation: <|im_end|>
","
நாட்டின் தந்தை நல்வருவாக சம்பாத்திக்கும்"
بافرح اوي برضه من كلمات التدعيم و ان حد كلف نفسه ووقف يعلق بكلمه شايف انها ممكن تخفف عني ،,I get very happy also for the supporting words and that someone troubled himself and stopped to comment with a word that he thinks it could ease things up for me.,كتير بنبسط من كلمات التشجيع وانو حدا وقف يحكي يخفف عني,اكون سعيد ايضا من كلمات التدعيم و اذا شخص تكرم و علق بكل كلمه راها انها ستخفف عنى,بفرح كتير كمان من الكلام اللي بدعمني ولو في حدا يقولي كلام ممكن  يخفف عني يقوله,أنا بفرح كتير كمان من كلمات الي بتدعم الشخص وأن واحد كلف حالو ووقف يعلق بكلمة  هو شايف أنو هالكلمة ممكن  تخفف عني,راني نفرح عالاخر كي نلقى شكون يواسيني ويقف معايا,"<|begin_of_text|><|im_start|>user
Translate the following source text from Msa to Tn. Only return the Tn translation and nothing else.اكون سعيد ايضا من كلمات التدعيم و اذا شخص تكرم و علق بكل كلمه راها انها ستخفف عنى
Source: I get very happy also for the supporting words and that someone troubled himself and stopped to comment with a word that he thinks it could ease things up for me.
Translation: <|im_end|>
","
நான் அனுதாபமாக இருக்கிறேன் அனுமத்தின் சொற்களும், ஒருவன் அவரது கருத்து அளித்து அனுமதி செய்து ஒரு வாக்கியம் கொடுத்தார் அது எனக்கு வரும் சோகம் குறைகின்றது."
ده أخطر بكثير من حد بيزايد على أهداف سويف أو محمد بكري و برضه,this is more danger from one Gambling on souif or mohamrd bakry targets and also,هاد اخطر بكتير من حدا بزايد على اهداف سويف او محمد بكري وبوضو,هذا إخطر بكثير من أن أحد يراهن على أهداف سويف أو محمد بكرى أيضاً,هدا اخطر بكثير من حدا بيزايد على اهداف سويف او محمد بكري وكمان,هاد أخطر من حدا بيناسف على أهداف سويف أو محمد بكري,هذا اخطر ببرشة من حد يعلق على اهداف سويف ولا محمد بكري,"<|begin_of_text|><|im_start|>user
Translate the following source text from Msa to Tn. Only return the Tn translation and nothing else.هذا إخطر بكثير من أن أحد يراهن على أهداف سويف أو محمد بكرى أيضاً
Source: this is more danger from one Gambling on souif or mohamrd bakry targets and also
Translation: <|im_end|>
",://இது ஒருவர் சூயிப் அல்லது முஹம்மது பக்ரி இல் போட்டு வெளியில் வைர நோக்கின அதிக வாய்ப்பு என்று அல்லது
ولا ايه اعتبرها قعدة زي قعدة ههه ربنا يوفقك,"or what? consider it a sitting like any sitting...haha, may god help you",ولا شو اعتبر قعدة زيه هاي القعدة الله يوفقك,ولقد  اعتبرها   جلسه مثل   جلسه .... هههه    وفقك  الله .,ولا شو اعتبرها قعده زي قعدة ههه الله يفرجها عليك,ولا شو اعتبرها قعدة متل قعدة هههههه  الله يوفقك,ولا شنوى حسبتها قاعدة كيما قاعدة ربي معاك,"<|begin_of_text|><|im_start|>user
Translate the following source text from Msa to Tn. Only return the Tn translation and nothing else.ولقد  اعتبرها   جلسه مثل   جلسه .... هههه    وفقك  الله .
Source: or what? consider it a sitting like any sitting...haha, may god help you
Translation: <|im_end|>
",":// என்ன என்ன அவர் ஒரு அநாடம் போல் ஒரு அநாடம் என்ன... ஹாஃக், அல்லாஹ் உங்களை ஊக்குவிக்கட்டும்."
وتحياتي لك استاذ محمد نبيل,and my greetings Mr Mohammad Nabeel,تحياتي استاز محمد نبيل,و تحياتى لك استاذ محمد نبيل,وتحياتي استاذ  محمد نبيل,وسلامي الك يا استاذ محمد نبيل,وتحياتي ليك استاذ محمد نبيل,"<|begin_of_text|><|im_start|>user
Translate the following source text from Msa to Tn. Only return the Tn translation and nothing else.و تحياتى لك استاذ محمد نبيل
Source: and my greetings Mr Mohammad Nabeel
Translation: <|im_end|>
",://நான் உங்கள் அனைவருக்கு நன்றி சொல்கிறேன் முதன்மை மொஹம்மது நபீல்
يبقى نجيب كام كتاب بيتكلم على المقاييس,We will bring a couple of books that talks about standards,بنجيب اكم كتاب بحكي عن المقاييس,سنحضر عدة كتب تناقش موضوع المقاييس,معناها نجيب اكم كتاب عن المقاييس,بيبقى نجيب كم كتاب بيحكي عن المقاييس,نوليو نجيبوا شويا كتب يحكيو على المقاييس,"<|begin_of_text|><|im_start|>user
Translate the following source text from Msa to Tn. Only return the Tn translation and nothing else.سنحضر عدة كتب تناقش موضوع المقاييس
Source: We will bring a couple of books that talks about standards
Translation: <|im_end|>
",://நாம் ஒரு பிரிவின் நூல்களை அளிக்கின்றோம் அந்த வகை மானிப்புகள் பேசும்
ههه بس دول ياعيني قصتهم خلصت من زمااان ههه,hhh but those their story finished in the past,ههه بس هدول قصتهم خلصت من زمان,لكن هؤلاء قصتهم انتهت فى الماضى,ههه بس هدول يا حرام من زمان خلصت قصتهم ههه,ههههه بس هدول يا عيني قصتهم خلصت من زمان ههههه,ههه اما هذوما حكايتهم وفاة عندها برشا ههه,"<|begin_of_text|><|im_start|>user
Translate the following source text from Msa to Tn. Only return the Tn translation and nothing else.لكن هؤلاء قصتهم انتهت فى الماضى
Source: hhh but those their story finished in the past
Translation: <|im_end|>
","://
لكن قصتهم انتهت في الماضي
Note: The translation is in Arabic."
يبقي يستاهل القتل,Then he deserves to be killed,اذا بستاهل القتل,يكون مصيره القتل,معناها بستاهل الموت,معناها بيستاهل القتل,يولي يستاهل القتل,"<|begin_of_text|><|im_start|>user
Translate the following source text from Msa to Tn. Only return the Tn translation and nothing else.يكون مصيره القتل
Source: Then he deserves to be killed
Translation: <|im_end|>
","
அவருக்கு கொலை நிகழ்வது அருகில் உள்ளது."
خربان و نا نجار دواليبكم هي كده قسمتي ؟,it is corrupted..this is the carpenter of your wheels..this is my fate?,"خربان وانا نجار عجالكم , هاي قسمتي ونصيبي ؟",إنه لا يصلح وهذا نجار دوالبيكم ، هل هذا نصيبى ؟,خالص وانا عامل اشغالكم كلها هذي قسمتي ؟,خربان وأنا نجار خزناتكم هي هيك قسمتي بهالدنيا ؟,دوالبكم مخربين و انا نجار نصلحهم هذاك زهري؟,"<|begin_of_text|><|im_start|>user
Translate the following source text from Msa to Tn. Only return the Tn translation and nothing else.إنه لا يصلح وهذا نجار دوالبيكم ، هل هذا نصيبى ؟
Source: it is corrupted..this is the carpenter of your wheels..this is my fate?
Translation: <|im_end|>
","
இது சேர்க்கப்பட்டது.. நீங்கள் வாகன நாடாளன் இந்த தொழிலாளி என்னும் என்னும் என்னும் என்னும் என்னும் என்னும் என்னும் என்னும் என்னும் என்னும் என்னும் என்னும் என்னும் என்னும் என்னும் என்னும் என்னும் என்னும் என்னும் என்னும் என்னும் என்னும் என்னும் என்னும் என்னும் என்னும் என்னும் என்னும் என்னும் என்னும் என்னும் என்னும் என்னும் என்னும் என்னும் என்னும் என்னும் என்னும் என்னும் என்னும் என்னும் என்னும் என்னும் என்னும் என்னும் என்னும் என்னும் என்னும் என்னும் என்னும் என்னும் என்னும் �"
وتنسي ان الذوق الداخلي تنسي انه تقول كلمه حلوه,"And forget about the inner taste , forget to say a sweet word",وتنسي تحكي كلمة حلوة من باب الذوق,و تنسى ان الذوق الداخلى ان تقول له كلمه جميله,وتنسى ان الذوق من الداخل وتنسى تحكي كلمه حلوه,وتنسى أن الذوق من جوا وتنسى تقول كلمة حلوة,تنجم تنسى بش تقول كلام حلو,"<|begin_of_text|><|im_start|>user
Translate the following source text from Msa to Tn. Only return the Tn translation and nothing else.و تنسى ان الذوق الداخلى ان تقول له كلمه جميله
Source: And forget about the inner taste , forget to say a sweet word
Translation: <|im_end|>
","://அதிகாரிக்கு உள்ள சுவாசம், அனுப்பினில் அனைத்து அனிப்பின் அனைத்து அனைத்து அனைத்து அனைத்து அனைத்து அனைத்து அனைத்து அனைத்து அனைத்து அனைத்து அனைத்து அனைத்து அனைத்து அனைத்து அனைத்து அனைத்து அனைத்து அனைத்து அனைத்து அனைத்து அனைத்து அனைத்து அனைத்து அனைத்து அனைத்து அனைத்து அனைத்து அனைத்து அனைத்து அனைத்து அனைத்து அனைத்து அனைத்து அனைத்து அனைத்து அனைத்து அனைத்து அனைத்து அனைத்து அனைத்து அனைத்து அனைத்து அனைத்து அனைத்து அனைத்து அனைத்து அனைத்து அனைத்து"
وانت اللي لك الاختيار في الاول والاخر,And you have the choice after all,اول عن اخر انت الي رح تختار,وأنت الذى تملك الأختيار فى جميع الأحوال,والاختيار برجعلك,وانت الي ألك الاختيار في الأول والأخير,وانت اللي تختار في الاول وفي الاخر,"<|begin_of_text|><|im_start|>user
Translate the following source text from Msa to Tn. Only return the Tn translation and nothing else.وأنت الذى تملك الأختيار فى جميع الأحوال
Source: And you have the choice after all
Translation: <|im_end|>
",://நீங்கள் அனைத்து நிலைகளிலும் தெரிவு செய்ய முடியும்
وميرسى اوى على التوبيك الجميل اوى ده وانا أحب اشكرك علي هذا الرد الجميل أما بخصوص الشباب فربنا يهدي الجميع يا رب الله يخليك,"Thanks a lot for the very nice topic and I would love to thank you for this nice reply! About the guys, god guide all! God bless you",وشكرا كتير على الموضوع الحلو كثير وبشكرك على الرد الحلو . اما بخصوص الشباب ف الله يهديهم .,و شكرا جداً على هذا الموضوع الجميل جدا و احب اشكرك ايضا على هذا الرد الجميل اما بخصوص الشباب ربنا يهدى الجميع,شكرا كتير على هالموضوع الحلو هدا وكمان بحب اشكرك على ردك المميز اما بخصوص الشباب بتمنى ربنا يهديهم والله يخليك,شكرا كتير على التوبيك الحلو كتير هاد وأنا بحب أشكرك  على هالرد الجميل أما بخصوص الشباب الله  يهدي الجميع يارب الله يخليك,ومرسي برشا على التوبيك لحلو هذا وانا نحب نشكرك على الجاست لحلوة اما الشباب ربي يهديهم وربي يخليك,"<|begin_of_text|><|im_start|>user
Translate the following source text from Msa to Tn. Only return the Tn translation and nothing else.و شكرا جداً على هذا الموضوع الجميل جدا و احب اشكرك ايضا على هذا الرد الجميل اما بخصوص الشباب ربنا يهدى الجميع
Source: Thanks a lot for the very nice topic and I would love to thank you for this nice reply! About the guys, god guide all! God bless you
Translation: <|im_end|>
","
நன்றி அதிகமாக இந்த அந்த அழிக்கப்பெரிய தலைப்புக்கும் நன்றி சொல்கிறேன் மற்றும் நீங்கள் அந்த அந்த அழிக்கப்பெரிய பதில் சொல்லின் நன்றி சொல்கிறேன். இளைஞர்களுக்கு என்ன செய்வது என்று அல்லாஹ் அனைவரையும் அடைய வழி காட்டும். அவர்களை அனைவரும் அனுமானமாக இருக்க அல்லாஹ் வாழ்த்துகிறார்."
لا الناس دى بتفهم بس انت عارف لو الاولمبياد دى فى الهند كنت ممكن اصدق ان هم بيعملوا الشعار كده,"no, those guys understand but you know what, if the Olympics were in India i would have believed that they could do the logo this way",لا الناس هاي بتفهم عارف لو الاولمبياد في الهند كنت ممكن اصدق انهم بعملو الشعار هيك,هؤلاء الاشخاص يفهمون و لكن انت تعرف اذا الاولمبياد كان فى الهند لكان من الممكن ان اصدق انهم يفعلون هذا الشعار,لا هدول بفهموا بس انت عارف لو الالومبياد هدي في الهند ممكن اصدق انو هم بيسووا هيك شعار,لا الناس هي بتقهم بس أنت بتعرف لو الأولمبيات هي في الهند كنت ممكن أصدق أن هن بيعملوا الشعار هاد,الناس هذوما ما يفهموش اما انت تعرف كان الالمبيادهاذي في الهنديمكن كنت نصدق اللي الشعار يعملوه هكا,"<|begin_of_text|><|im_start|>user
Translate the following source text from Msa to Tn. Only return the Tn translation and nothing else.هؤلاء الاشخاص يفهمون و لكن انت تعرف اذا الاولمبياد كان فى الهند لكان من الممكن ان اصدق انهم يفعلون هذا الشعار
Source: no, those guys understand but you know what, if the Olympics were in India i would have believed that they could do the logo this way
Translation: <|im_end|>
","இந்த நபர்கள் புரிகின்றனர், ஆனால் நீங்கள் அறிந்து கொள்க, உலக விளம்பரம் இந்தியாவில் இருந்திருந்தால், அவர்கள் இப்படியாக இணைப்பு சின்னம் செய்வது உண்டாயிருக்கும் என்று நம்நீர் நம்ப முடியும்."
فى حين أن كل شاب يأنف أن يرتبط جديا بفتاة أخذ منها معظم ما يريد,While every guys that wants to be with a girl for real and take most of what he wants from her,كل شب بدو جد يرتبط ببنت اخذ منها كل الي بدو اياه,فى حين أن كل شاب يأنف أن يرتبط جديا بفتاة أخذ منها معظم ما يريد,من ناحيه ثانيه كل شب برفض يرتبط  بالبنت اللي اخذ منها اللي بدو اياه,في الأغالب أن كل شاب رح يرفض انو يرتبط بفتاة أخد منها معظم الي بدو ياه,فى حين أن كل شاب يأنف أن يرتبط جديا بفتاة أخذ منها معظم ما يريد,"<|begin_of_text|><|im_start|>user
Translate the following source text from Msa to Tn. Only return the Tn translation and nothing else.فى حين أن كل شاب يأنف أن يرتبط جديا بفتاة أخذ منها معظم ما يريد
Source: While every guys that wants to be with a girl for real and take most of what he wants from her
Translation: <|im_end|>
","
எந்தாவது ஆண் அவர் ஒரு பெண்ணுடன் நிலைநிரைவதற்கு முடியும் மற்றும் அவரிடையே அவர் விரும்பும் பெரும்பால் பெற விரும்புகின்றார்"
الرساله بقي اللي من النوعيه دي انا بعتز بيها جدا وبخليها عندي دائما,The letter of this type I appreciate it a lot and keep it for me always,الرسالة الي من النوعية هاي انا بعتز فيها كتير وبخليها عندي,الرسالة من هذة النوعية أنا أعتز بها جداً وأتركها عندى دائماً,الرساله اللي هيك انا بعتز فيها  كتير وبخليها معي دايما,الرسالة الي من هالنوعية أنا بتشرف فيها وبخليها عندي على طول,الجواب اللي من النوع هذا انا نعتز بيها برشا و نخليها ديما عندي,"<|begin_of_text|><|im_start|>user
Translate the following source text from Msa to Tn. Only return the Tn translation and nothing else.الرسالة من هذة النوعية أنا أعتز بها جداً وأتركها عندى دائماً
Source: The letter of this type I appreciate it a lot and keep it for me always
Translation: <|im_end|>
","
إنتشارات تي أن: أنا بحب هذة النوعية من الرسائل وبتشوفها دائماً عندى"
وفى ناس بتزعل من بعض وحبايب بيتفرقوا عن بعض,And some people gets mad of each other and dear ones who leave each other,وفي ناس بزعلو من بعض وحبايب بتفرقو عن بعض,وبعض الناس يغضبون على بعضهم البعض والأعزاء يتركون بعضهم,وفي نا بتتزاعل وحبايب بفترقوا,وفي ناس بتزعل من بعض وحبايب بيتفرقوا عن بعض,فما ناس يتغششوا على بعضهم وأحباب يبعدوا على بعضهم,"<|begin_of_text|><|im_start|>user
Translate the following source text from Msa to Tn. Only return the Tn translation and nothing else.وبعض الناس يغضبون على بعضهم البعض والأعزاء يتركون بعضهم
Source: And some people gets mad of each other and dear ones who leave each other
Translation: <|im_end|>
",://பலரும் ஒருவருக்கோர் ஒருவர் அனைவர் மற்றும் அன்னையான நண்பர்கள் ஒருவருக்கோர் ஒருவர்.
لكن الحقيقة أننا نسمع من بعضنا الطيب كلام ا ليس طيب ا,but the truth is that we hear good words from each other,الحقيقة انا بنسمع حكي حلو من بعضنا,ولكن الحقيقه إننا نسمع من بعضنا كلام طيب عن بعض,ولكن في الواقع بنسمع من البعض اللي ببين انو طيب( كلام مش طيب ),لكن الحقيقة أننا نسمع من بعضنا الكلام الطيب (ليس طيب ),اما الحقيقة اننا نسمعوا بعضنا كلام باهي و موش باهي,"<|begin_of_text|><|im_start|>user
Translate the following source text from Msa to Tn. Only return the Tn translation and nothing else.ولكن الحقيقه إننا نسمع من بعضنا كلام طيب عن بعض
Source: but the truth is that we hear good words from each other
Translation: <|im_end|>
","
لكن الحقيقة إننا نسمع من بعضنا كلام طيب عن بعض"
نشغله اغنية بنحبك يا حمار,"Play for him the song,  we love you ass",نشغلو اغنية بحبك يا حمار,نقوم بتشغيل أغنية بنحبك يا حمار,نشغله اغنية بنحبك يا حمار,رح نحطلك أغنية بحبك ياحمار,نحطولوا غناية بنحبك يا حمار,"<|begin_of_text|><|im_start|>user
Translate the following source text from Msa to Tn. Only return the Tn translation and nothing else.نقوم بتشغيل أغنية بنحبك يا حمار
Source: Play for him the song,  we love you ass
Translation: <|im_end|>
","
நாம் அவருக்கு பாடல் ஒன்றை விளையடிக்கிறோம், நாம் நீங்கள் அவரை விட்டு வருகிறோம்"
ويجب علينا زياده توعيتهم,We have to increase their awareness.,ولازم نوعيهم,ويجب علينا زياده توعيتهم,ومفروض منا زيادة توعيتهم,ولازم نحنا نزيد توعيتهم,و لازمنا نزيدو نوعيوهم,"<|begin_of_text|><|im_start|>user
Translate the following source text from Msa to Tn. Only return the Tn translation and nothing else.ويجب علينا زياده توعيتهم
Source: We have to increase their awareness.
Translation: <|im_end|>
",://நாம் அவரது அறிவுக்கு அதிகம் அளவு அளிக்க வேண்டும்.
وانه يكون خلوق وخجول بس مش خجول اوي ويكون في كل المواقف راجل,"And be very nice, shy but not very shy or be in all the stands a man",وانو يكون خلوق وخجول بس مش خجول كتيرويكون زلمة بكل المواقف,وانه يكون على خلق وخجول و لكن ليس خجول جداً و يكون رجلاً فى كل المواقف,وانو يكون خلوق وخجول بس مش كتير ويكون رجل في كل المواقف,وانو يكون مؤدب وخجول بس مو خجول كتير ويكون في كل المواقف رجال,و انو يكون متخلق و حشا اما موش حشام برشا و يكون راجل في كل المواقف,"<|begin_of_text|><|im_start|>user
Translate the following source text from Msa to Tn. Only return the Tn translation and nothing else.وانه يكون على خلق وخجول و لكن ليس خجول جداً و يكون رجلاً فى كل المواقف
Source: And be very nice, shy but not very shy or be in all the stands a man
Translation: <|im_end|>
","மிகவும் அனுந்தான் மற்றும் அருக்கமான, ஆனால் மிகர் அருக்கமானவனாக இராக்கக் கூடாது மற்றும் அனைத்து நிலைகளிலும் ஆணனாக இருக்கவேண்டும்."
جميلة جدا مدونتك,Your blog is very nice,كتير حلوة مدونتك,مدونتك جميلة جداً,كتير حلوه مدونتك,حلوة كتير كتاباتك,مزيانة برشا مدونتك,"<|begin_of_text|><|im_start|>user
Translate the following source text from Msa to Tn. Only return the Tn translation and nothing else.مدونتك جميلة جداً
Source: Your blog is very nice
Translation: <|im_end|>
","
உங்கள் ப்ளாக் மிகவும் அழிக்கப்பெரியது"
في حالة اني اتأكدت من تصرفاتها وبعدين اقول لماما,"In the case I am sure of her behavior, I will tell my mother",بس اتاكد من تصرفاتها بحكي لماما,في حالة اني تأكدت من تصرفاتها سأخبر والدتى,بحكيلك لو سمحتي اعطيني ميه بس المدير بقول هاتي ميه,بدي أتأكد ن تصرفاتها وبعدين أقول لماما,في حالة نتاكد من تصرفاتها و مبعد نقول لماما,"<|begin_of_text|><|im_start|>user
Translate the following source text from Msa to Tn. Only return the Tn translation and nothing else.في حالة اني تأكدت من تصرفاتها سأخبر والدتى
Source: In the case I am sure of her behavior, I will tell my mother
Translation: <|im_end|>
",://إذا كنت متأكدًا من سلوكها، سأقول لأمى
على فكرة انا اتكلمت عن الموضوع ده في مدونتي ..,"by the way, i spoke about this in my blog",على فكرة انا حكيت عن هالموضوع في مدونتي,لقد تحدثت فى هذا الموضوع فى مدونتى,على فكره انا حكيت عن هالموضوع في كتابي,على فكرة أنا حكيت عن الموضوع هاد في كتابياتي,على فكرة انا حكيت على الموضوع هذا في مدونتي,"<|begin_of_text|><|im_start|>user
Translate the following source text from Msa to Tn. Only return the Tn translation and nothing else.لقد تحدثت فى هذا الموضوع فى مدونتى
Source: by the way, i spoke about this in my blog
Translation: <|im_end|>
",://இந்த விஷயத்தில் எனது ப்ளாகில் பேசினேன்
رد التاني عليه اللي مضايقني ان الترابزين واطي أوي,the other said: what bothers me is that it is very low,"رد التاني , الي مدايقني انو واطي كتير",رد الثانى عليه الذى يضايقنى أن السور قصير جداً,رد الثاني عليه اللي مذايقني انو الدرابزين خابط عالآخر,رد التاني عليه قلو الي مضايقني أنو الطاولة واطية كتير,جاوبو الثاني اللي مقلقني انو واطي برشا,"<|begin_of_text|><|im_start|>user
Translate the following source text from Msa to Tn. Only return the Tn translation and nothing else.رد الثانى عليه الذى يضايقنى أن السور قصير جداً
Source: the other said: what bothers me is that it is very low
Translation: <|im_end|>
","
அந்த இரண்டாமவர் சொன்னார்: எனக்கு விருப்பமானது அது மிகக் குறைந்த அளவு."
و عليكم السلام و رحمة الله و بركاته أختي شيماء,"and to you peace and mercy and blessings of god,sister shayma",وعليكم السلام ورحمة الله وبركاته اختي شيماء,وعليكم السلام و رحمة الله و بركاته أختي شيماء,وعيكم السلام ورحمة الله وبركاته شيماء,وعليكم السلام ورحمة الله وبركاته أختي شيماء,و عليكم السلام و رحمة الله و بركاته أختي شيماء,"<|begin_of_text|><|im_start|>user
Translate the following source text from Msa to Tn. Only return the Tn translation and nothing else.وعليكم السلام و رحمة الله و بركاته أختي شيماء
Source: and to you peace and mercy and blessings of god,sister shayma
Translation: <|im_end|>
","://அந்த நீங்கள் அனைவருக்கும் சாந்தி, அருள், பரிசு இற்றுபோவது ஆகியது என்று சொல்லி கொடுக்கின்றேன், நீங்காள் சாய்மா சகோதரி."
ياريت نصالح القطر على نفسة ونعيد لية فرحتة وسعادتة بس مش على حساب الناس والغلابة اللى بتحبة,"I hope we make peace with the train, and return his happiness but not on the account of the people and the poor ones who love him",يا ريت نصالح القطار على حالو ونرجعلو فرحتو بس مش على حساب الناس المسكينة اللي بتحبو,اري  انه من اضرورى  الان  مصالحه  القطار على ونفسه . ولكن  لايجب  ان  نتعدى على  حقوق   جموع  الشعب من  محبيه .,يا ريت نصلح القطار  بس مش على حساب الفقرا الي بستخدموه,ياريت نصالح البلد على حالو ونرجع نعيد الو فرحتو وسعادته بس مو على حساب الناس الفقيرة الي بتحبو,نتمناو نصلحوا القطر على روحو و نرجعولو فرحتو و سعادتو اما موش على حساب الناس الزواولة اللي تحبو,"<|begin_of_text|><|im_start|>user
Translate the following source text from Msa to Tn. Only return the Tn translation and nothing else.اري  انه من اضرورى  الان  مصالحه  القطار على ونفسه . ولكن  لايجب  ان  نتعدى على  حقوق   جموع  الشعب من  محبيه .
Source: I hope we make peace with the train, and return his happiness but not on the account of the people and the poor ones who love him
Translation: <|im_end|>
","அவருடன் ரயிலின் வளர்ப்பை அமைத்து அவருடைய இனிமையைத் திருப்திக்கும், ஆனால் மக்களின் பொருளாதாரம் மற்றும் அவரை அன்புடன் அனுபவிக்கும் சொந்தக்காரர்களின் உரிமைகளை மீறக் கூடாது."
النوابغ اللى هيطورا دنيتنا,The geniuses who will develop our world.,العباقرة رح يطورو الدنيا,النوابغ من  سيطور  دنيانا .,النوابغ اللي بدهم يطوروا عالمنا,النوابغ الي رح يطورو دنيتنا,النوابغ اللي باش يطورولنا دنيتنا,"<|begin_of_text|><|im_start|>user
Translate the following source text from Msa to Tn. Only return the Tn translation and nothing else.النوابغ من  سيطور  دنيانا .
Source: The geniuses who will develop our world.
Translation: <|im_end|>
",://நமது உலகத்தை வளர்த்தும் அறிவியல் நிபந்தவர்கள்.
يا حلاوة يا اولاد ..,oh sweet boys,يا حلاوة يا ولاد,يالا  الروعه .,يا الله يا اولاد..,يا سلام يا ولاد,ملا عسل يا لولاد,"<|begin_of_text|><|im_start|>user
Translate the following source text from Msa to Tn. Only return the Tn translation and nothing else.يالا  الروعه .
Source: oh sweet boys
Translation: <|im_end|>
","
يالا  الروعه"
ألف ألف ألف شكر بجد ..,a thousand thanks seriously,جد الف الف الف شكرا,صدقاً شكراً جزيلاً ..,شكرا شكراااا عن جد,ألف أألف ألف شكراً عنجد .....,ألف ألف ألف شكر بالحق ..,"<|begin_of_text|><|im_start|>user
Translate the following source text from Msa to Tn. Only return the Tn translation and nothing else.صدقاً شكراً جزيلاً ..
Source: a thousand thanks seriously
Translation: <|im_end|>
","
நூறு நன்றி நிச்சயமாக"
تحلم معايا الشيماء حامد,would you dream with me? Alshayma' Hamed,تحلم معي الشيماء حامد,تحلم معى الشيماء حامد,شيماء حامد تحلم معايا,بتحلم معي الشيماء حامد,نحلم بشيماء حامد معايا,"<|begin_of_text|><|im_start|>user
Translate the following source text from Msa to Tn. Only return the Tn translation and nothing else.تحلم معى الشيماء حامد
Source: would you dream with me? Alshayma' Hamed
Translation: <|im_end|>
","
நீங்கள் என்னுடன் கனவு கட்டும்? ஆல்ஷைமா ஹாமெட்"
تحياتى,my regards,تحياتي,تحياتى,تحياتي,سلامات,تحياتى,"<|begin_of_text|><|im_start|>user
Translate the following source text from Msa to Tn. Only return the Tn translation and nothing else.تحياتى
Source: my regards
Translation: <|im_end|>
","
நண்பனே, எனது அனுதாபம்"
والمجال ده انا بحبه جدا خاصة الشخصيات ومدى احساسك وانتى تكتبى,and this field i like it so much specially the characters and How you feel while you are writing,المجال هاد كتير بحبو خاصة الشخصيات واحساسك وانتي بتكتبي,هذا من المجالات المحببه لى  وخاصه  مدى  احساسك  ودقتك عندما  تكتبين الشخصيات .,انا بحب هدا المجال كتير خاصه الشخصيات ومدى الاحساس وانتي تكتبي,والمجال هاد أنا بحبه كتير خاصة الشخصيات ومدى أحساسك وأنتي عم تكتبي,وإختصاص هذا أنا نحبو خاصةً كي تبدا تكب على الشخصيات والإحساس إلي تحسو,"<|begin_of_text|><|im_start|>user
Translate the following source text from Msa to Tn. Only return the Tn translation and nothing else.هذا من المجالات المحببه لى  وخاصه  مدى  احساسك  ودقتك عندما  تكتبين الشخصيات .
Source: and this field i like it so much specially the characters and How you feel while you are writing
Translation: <|im_end|>
","://இந்த துறை எனக்கு மிகவும் பிடித்தது, குறிப்பாக நீங்கள் எழுதும் பொருள்கள் மற்றும் நீங்கள் உணர்வு எப்போது என்பது."
ولا حاجة بس أنا بتعلم العزف على العود على قدي كده,Or a thing but I learned to play on Ood as I can like this,ولا اشي بس انا عم بتعلم عالعود يعني على قدي,لا شئ و لكنى أتعلم العزف على العود على قدر المستطاع,ما في اشي  بس بتعلم العزف براحتي هيك,ولا شي بس أنا عم أتعلم على العزف على العود على قدي هيك,حتى شئ اما انا قاعد نتعلم العزف على العود على قد ما انجم,"<|begin_of_text|><|im_start|>user
Translate the following source text from Msa to Tn. Only return the Tn translation and nothing else.لا شئ و لكنى أتعلم العزف على العود على قدر المستطاع
Source: Or a thing but I learned to play on Ood as I can like this
Translation: <|im_end|>
","://அது ஒரு பொருள் என்றும், நான் எனவே அரைப்பாட்டில் விளையாட அறிந்துள்ளேன் என்று முடியக் கிடைக்கும்."
سبت حد اتنين .. يختلفوا فى الأسماء لكنهم فى الآخر زى بعض ..,Saturday Sunday Monday... different in the names but at the end such as each other,سبت واحد واتنين الاسم غير بس كلهم زي بعض,السبت  والاحد والاثنين .... يختلفوا  فى الاسماء  ولكنهم  يتشابهون  تماما .,السبت الاحد الاثنين .. بختلفوا في الاسماء بس هم في الاخر زي بعض ..,السبت والأحد والأثنين ... بيختلفو في الأسم بس كلن متل بعض ....,سبت أحد إثنين ...مختلفين فالإسم اما كيف بعضهم,"<|begin_of_text|><|im_start|>user
Translate the following source text from Msa to Tn. Only return the Tn translation and nothing else.السبت  والاحد والاثنين .... يختلفوا  فى الاسماء  ولكنهم  يتشابهون  تماما .
Source: Saturday Sunday Monday... different in the names but at the end such as each other
Translation: <|im_end|>
","://சனியும், ஞாயிறு, புதன்... பெயர்களில் வேறுபடுகின்றனர், ஆனால் இறுதியில் ஒருவருக்கொருவர் ஒரேபோல் இருக்கின்றனர்."
طيب الحمد لله و نعيده الموضوع لو كان منقول بس فيه فائدة حاجة جديدة ده جميل و يهمنا الكل يستفيد منه,"OK, thanks God, we present the thread again, even if it's copied, at least it's beneficial and contains new subject which is nice and everyone can benefit from it ...","طيب الحمد لله وبنعيد , الموضوع لو كان منقول بس في فائدة جديدة هاد حلو كتير وبهمنا الكل يستفيد",حسناً الشكر للرب نتقدم بالموضوع مرة اخرى و كأنه منسوخ على الاقل فيه فائده جديدة و الجميل يحتوى موضوع جديد و الاهم ان الجميع يستفاد منه,طيب الحمدلله ونعيده الموضوع لو كان منقول بس في اشي جديد ومهم وممكن الكل يستفيد منه,طيب الحمدالله ونعيد الموضوع لو كان منقول بس فيه شي مفيد جديد وهو جميل وبيهمنا الكل يستفيد منو,باهي و الحمد لله و نعاودوا تقديم الموضوع حتى لو كان مسجل على الاقل حاجة مفيدة و فيها برشا مواضيع جديدة و الكل ينجموا يستفادوا منو,"<|begin_of_text|><|im_start|>user
Translate the following source text from Msa to Tn. Only return the Tn translation and nothing else.حسناً الشكر للرب نتقدم بالموضوع مرة اخرى و كأنه منسوخ على الاقل فيه فائده جديدة و الجميل يحتوى موضوع جديد و الاهم ان الجميع يستفاد منه
Source: OK, thanks God, we present the thread again, even if it's copied, at least it's beneficial and contains new subject which is nice and everyone can benefit from it ...
Translation: <|im_end|>
","போது நன்றி சொல்வது தெரியும், மீண்டும் போட்டிக்கை அளிக்கிறோம், அது கொண்டு கொடுக்கப்பட்டிருக்கும் பயன்பாடு குறைந்ததெரியும் மற்றும் அதில் புதிய விஷயம் உள்ளது அந்த அருமையானது மற்றும் அல்லாவற்றில் அனைவரும் பயன்பெற முடியும்."
انا وتقول ان انا اللى مقتنع بالكلام دة,And say that it is I who is convinced of this talk.,انا وبتحكي انو انا الي مقتنع بهاد الحكي,انا !! و تقول انى الذى مقتنع بهذا الكلام ؟,انا وبتقول اني مقتنع بهدا الحكي,أنا وتقول أن أنا اللي مقتنع بالكلام هاد,انا وتقول انا اللى مقتنع بالكلام هذا,"<|begin_of_text|><|im_start|>user
Translate the following source text from Msa to Tn. Only return the Tn translation and nothing else.انا !! و تقول انى الذى مقتنع بهذا الكلام ؟
Source: And say that it is I who is convinced of this talk.
Translation: <|im_end|>
",://நான் இந்த பேச்சை நம்பும் என்பது நான் யார்?
ماهو مفيش ملك فقير بردو,As there is no poor king,مهو برضو ما في ملك فقير,وايضا لا يوجد  ملك  فقير .,مهو كمان مفش ملك فقير,وكمان مافي ملك فقير,ما تلقاش ملك زوالي,"<|begin_of_text|><|im_start|>user
Translate the following source text from Msa to Tn. Only return the Tn translation and nothing else.وايضا لا يوجد  ملك  فقير .
Source: As there is no poor king
Translation: <|im_end|>
","://
وايضا لا يوجد ملك فقير."
وقلوب الفقراء أوعية القناعة ..,"and the hearts of the poor, a means to satisfaction...",قلوب الفقراء اوعية القناعة,وقلوب الفقراء أوعية القناعة ..,وقلوب الفقراء اوعيه القناعه ...,وقلوب الفقراء أكتر قناعة,قلوب الفقراء قنوعة,"<|begin_of_text|><|im_start|>user
Translate the following source text from Msa to Tn. Only return the Tn translation and nothing else.وقلوب الفقراء أوعية القناعة ..
Source: and the hearts of the poor, a means to satisfaction...
Translation: <|im_end|>
","
பொருளாட்டிகளின் இதயங்கள், அடிக்குறைப்பான திருப்தி வழி..."
رغم إني المفروض من الناس المتفوقة المتوقع لهم ما فوق التسعين,although I am supposed to be of the excellent people who are expected to have above ninety,مع اني من المتفوقين الي متوقع الهم فوق التسعين,رغم إننى من المفترض من الناس المتفوقين المتقع لهم فوق التسعين,مع اني من المتفوقين لاوالمتوقع الهم فوق التسعين,رغم أنو المقروض هو من الناس المتفوقة المتوقع الهم يجيبو فوق  التسعين,اما المفروض الناس المتفوقة يفوتوا التسعين,"<|begin_of_text|><|im_start|>user
Translate the following source text from Msa to Tn. Only return the Tn translation and nothing else.رغم إننى من المفترض من الناس المتفوقين المتقع لهم فوق التسعين
Source: although I am supposed to be of the excellent people who are expected to have above ninety
Translation: <|im_end|>
","
எண்ணிக்கையில் நான் நேர்மையான மக்களில் ஒருவன் என்று கருதப்படுகிறேன், அவர்கள் நடுவற்றும் நானேட்டான் எண்ணிக்கையில் உள்ளனர்."
وحينما أكون مضفقا أرى الشفقة في الآخرين,"and when I feel pity, I see the pathos in others",لما اكون متدايق بشفق عالناس التانيين,استطيع ان  ارى  الشفقه  فى  اعين الاخرين  وذلك  وقت  ضيقى .,وحينما اكون مضفقا ارى الشفقه في الاخرين,ووقت بكون متضايقة بشوف الشفقة في الناس,وكي نبدا فاد نشوف لخرين ساخفين علي,"<|begin_of_text|><|im_start|>user
Translate the following source text from Msa to Tn. Only return the Tn translation and nothing else.استطيع ان  ارى  الشفقه  فى  اعين الاخرين  وذلك  وقت  ضيقى .
Source: and when I feel pity, I see the pathos in others
Translation: <|im_end|>
",://அந்த நேரத்தில் அவர்களின் பாதோசம் காண முடியும் என்று அனுப்பினால் அன்னை அனுப்பினார்.
طبعا لما يكون الموضوع المنقول يستاهل يعني فيه الصفات و الخصائص اللي لسه قايلينها من شوية شكرا لك أختي ايمي على الاهتمام,offcourse transported subject is deserved meaning has adjectives and properties which is said lately thanks to you my sister emey on care,طبعا لما يكون الموضوع المنقول بستاهل يعني في الصفات والخصائص الي لسا حكيناها شكرا لك اختي ايمي على الاهتمام,بالطبع عندما يكون الموضوع المنقول يستحق بمعنى ان يحتوى على الصفات و الخصائص التى قيلت اخيراً ، شكراً لكى أختى الكريمة على الاهتمام,الموضوع المنقول بستاهل انو ننقله لانو فيه الصفات والخصائص اللي حكيناها قبل شوي وشكرا الك ايمي على اهتمامك,طبعا لما بكون الموضع المنقول بيستاهل يعني في الصفات والأقتراحات  الي لسه شفيها من شوي شكرا ألك اختي ايمي على الأهتمام,بالطبيعة وقت اللي يكون الموضوع المنقل يستاهل يعني فيه الصفات و الخصائص اللي مازال كيف قلناها توى نشكروك اختي ايمي على الاهتمام,"<|begin_of_text|><|im_start|>user
Translate the following source text from Msa to Tn. Only return the Tn translation and nothing else.بالطبع عندما يكون الموضوع المنقول يستحق بمعنى ان يحتوى على الصفات و الخصائص التى قيلت اخيراً ، شكراً لكى أختى الكريمة على الاهتمام
Source: offcourse transported subject is deserved meaning has adjectives and properties which is said lately thanks to you my sister emey on care
Translation: <|im_end|>
",பொருள் கடந்து செல்லப்பட்ட தலைப்பு என்பது கடந்த காலத்தில் சொல்லப்பட்ட தன்மைகளுடன் மற்றும் தனிப்பட்டதாக இருக்கும் பண்புகளுடன் வந்தது. நீங்கள் அன்புடன் காட்டியிருக்கும் அன்புடைய சகோதரி நான் கவனம் செலுத்துவதற்கு நன்றி.
اصحابي الحلوين كلكم بحبكم,"my beautiful friends, I love you all",اصحابي الحلوين بحبكم كلكم,اصحابي الحلوين كلكم بحبكم,اصدقائي يا حلوين الكوا كل المحبه والاحترام,رفقاتي الحوين كلكم بحبكم,اصحابي الغاليين الكلكم نحبكم,"<|begin_of_text|><|im_start|>user
Translate the following source text from Msa to Tn. Only return the Tn translation and nothing else.اصحابي الحلوين كلكم بحبكم
Source: my beautiful friends, I love you all
Translation: <|im_end|>
","://நன்மையான நண்பர்களே, நான் அனைவரையும் அன்பு கொழிப்பேன்"
هوا احنا عملنا ايييه ؟؟,what did we do ??,هو احنا شو عملنا ؟؟,ماذا فعلنا نحن ؟؟,واحنا شو سوينا ؟,هو نحنا شو عملنا ؟؟؟؟؟,و احنا شنوى عملنا؟؟,"<|begin_of_text|><|im_start|>user
Translate the following source text from Msa to Tn. Only return the Tn translation and nothing else.ماذا فعلنا نحن ؟؟
Source: what did we do ??
Translation: <|im_end|>
","://
என்ன நாம் செய்திருக்கிறோம்?"
قلت له افهمها زى ما تفهما يا ابن هنيه،,I told him you can understand it the way you like Hanya's son,حكتلو افهما زي ما بدك يا ابن هنية,قلت له افهمها كما تفهمها,يا ابن هنيه افهمها زي ما بدك,قلتلو أفهما متل ما بدك تفهما يا أبن هنية,قتلو افهمها كيما تفهمها يا ولد هنية,"<|begin_of_text|><|im_start|>user
Translate the following source text from Msa to Tn. Only return the Tn translation and nothing else.قلت له افهمها كما تفهمها
Source: I told him you can understand it the way you like Hanya's son
Translation: <|im_end|>
","
நான் அவருக்கு அதை நேர்மொற்று புரிந்து கொள்ள அளிக்கும் என்று சொன்னேன் ஹன்னாளின் மகன்."
دة لو قدرت تنسى ممكن اسابيع وممكن شهور وكمان ممكن سنين,"If she could forget, maybe weeks, months and years",هاد لو قدرت تنسى ممكن اسابيع وممكن شهور وكمان سنين,هذا اذا استطعت ان تنسى من الممكن اسابيع او شهور و ايضا سنوات,ممكن اسابيع وممكن شهور وممكن سنين كمان هدا لو قدرت تنسى,هاد لو قدرت تنسى ممكن اسابيع وممكن شهور وكمان ممكن سنين,هذا كان نجمت تنسى يمكن تقعد اسابيع ولا شهور ولا عوام وشوف تنسى ولا لا,"<|begin_of_text|><|im_start|>user
Translate the following source text from Msa to Tn. Only return the Tn translation and nothing else.هذا اذا استطعت ان تنسى من الممكن اسابيع او شهور و ايضا سنوات
Source: If she could forget, maybe weeks, months and years
Translation: <|im_end|>
","
إذا استطعت تنسى، ممكن أسابيع أو أشهر و أيضا سنوات"
على كل حال صدقيني انا بحب الحيوانات كتير اوي اوي,"anyway, believe me, I love animals a lot",على كل حال صدقيني انا بحب الحيوانات كتير كتير,على كل حال  صدقينى انا احب الحيوانات كثيرا جداا جداا,على كل حال صدقيني انا كتير بحب الحيوانات,على كل حال صدقيني أنا بحب الحيوانات كتير كتير كتير,على كل حال صدقيني انا نحب الحيوانات برشا,"<|begin_of_text|><|im_start|>user
Translate the following source text from Msa to Tn. Only return the Tn translation and nothing else.على كل حال  صدقينى انا احب الحيوانات كثيرا جداا جداا
Source: anyway, believe me, I love animals a lot
Translation: <|im_end|>
",://أي حالا، آمن، أنا أحب الحيوانات كثيرا جدا جدا
بس في الحاله دي وهي القياده حيكون الحمل كبير اوي,"but in this case, it'll be a burden to be a leader",بس في حالة القيادة هاي رح يكون الحمل كبير كثير,و لكن فى هذه الحاله و هى القياده سيكون الحمل كبير جداا,بس في هاي الحاله حالة القياده رح يكون الحمل كبير كثير,بس في الحالة هي وفي القيادة رح يكون الحمل كبير كتير,اما في الحالة هاذي شكون أدمين لحكاية صعيبة عليه برشا,"<|begin_of_text|><|im_start|>user
Translate the following source text from Msa to Tn. Only return the Tn translation and nothing else.و لكن فى هذه الحاله و هى القياده سيكون الحمل كبير جداا
Source: but in this case, it'll be a burden to be a leader
Translation: <|im_end|>
",://لكن فى هذه الحاله و هى القياده سيكون الحمل كبير جداا
وياريت ياوالدى لو كانت بنت الحاج فلان,And Otnmny to be the daughter of Mr.flan.,ويا ريت لو انها بنت الحج فلان,و ليت يا والدى اذا كانت ابنة الحاج,ويا ريت يابا لو هي بنت الحج فلان,وياريت يا بابا لو كنت بنت الحج فلان,و شخص يا ولدي كان جيت ولد سي فلان,"<|begin_of_text|><|im_start|>user
Translate the following source text from Msa to Tn. Only return the Tn translation and nothing else.و ليت يا والدى اذا كانت ابنة الحاج
Source: And Otnmny to be the daughter of Mr.flan.
Translation: <|im_end|>
",://அம்மானார் என்னும் ஹஜ் மகளிர் என்பவள்.
عشان نشوفلك علاج فى مستشفى الحلزونة مجانا,to see to you an cure at halzona hospital for free,عشان نشوفلك علاج مجاني في مستشفى الحلزونة,كى نجد لك علاج فى مستشفى الحلزونة مجاناً,عشان نشوفلك علاج فى مستشفى الحلزونة مجانا,مشان نشوفلك علاج في مستسفى الحلزونة مجاناً,على خاطر بش نشوفلك الدواء في صبيطار الحلزونة بلاش,"<|begin_of_text|><|im_start|>user
Translate the following source text from Msa to Tn. Only return the Tn translation and nothing else.كى نجد لك علاج فى مستشفى الحلزونة مجاناً
Source: to see to you an cure at halzona hospital for free
Translation: <|im_end|>
",://நீங்கள் எனக்கு ஹல்சோனா மருத்துவமனையில் இலவசமாக சிகிச்சை அளிக்க அனுமதி செய்யுமா?
فعلى صوته شوية قدامك شجرة برضه مردش عليه,"He raised his voice a little and said there is a tree ahead, also he didn't reply to him",على صوتو وحكى قدامك شجرة برضو ما رد علي,و رفع صوته قليلا قدامك شجره و لم يجيب عليه,ورفع صوته وقال قدامك شجره وكمان ما رد عليه,وعلى صوتو شوي وقلو قدامك شجرة كمان ما رد عليه,علي صوتك شوية قدامك شجرة باش نجم نرجع عليك,"<|begin_of_text|><|im_start|>user
Translate the following source text from Msa to Tn. Only return the Tn translation and nothing else.و رفع صوته قليلا قدامك شجره و لم يجيب عليه
Source: He raised his voice a little and said there is a tree ahead, also he didn't reply to him
Translation: <|im_end|>
","அவர் அவரது குரலை ஒரு சிறிய அதிகரித்து முன்னே ஒரு மரம் உள்ளது என்று சொன்னார், அவர் அவருக்கு பதில் அளிக்கவில்லை."
