en,msa,tn,eg,jo,pa,sy,prompt,response
"And they do traffic with these thing, and really many people have become poor.",وبقوموا  بتهريب  تلك الاشياء .  ومع العلم  انه  يوجد  كتير  جدا من الفقراء .,وهربوا برشا حاجات ويقعدوا لعباد فقراء,و بيهربوا الحاجات دي و بجد بقى ناس كتير اوي فقراء,وبهربو هاي الاشياء وبضل ناس فقرا كتير,وبهربوا هاي الشغلات وفي كثير ناس صاروا فقراء,وبيهربو الشغلات هي وعنجد في ناس كتير كتير فقرا,"<|im_start|>user
Translate the following source text from MSA to TN. Only return the TN translation and nothing else.وبقوموا  بتهريب  تلك الاشياء .  ومع العلم  انه  يوجد  كتير  جدا من الفقراء .
Source: And they do traffic with these thing, and really many people have become poor.
Translation: ",وبقوموا بتهريب تلك الاشياء. ومع العلم انه يوجد كتير جدا من الفقراء.
who oppress his wife won't think about his sister and he won't think but himself it means his interested if somebody id oppressing his sister and his interested only in him self,الذى يظلم زوجته لا يفكر في اخته ولا يفكر غير في نفسه بمعني لا يهمه إذا احد يظلم اخته ومهتم بنفسه فقط,اللي يظلم مرتو مايخممش في اختو مايخمم كان في روحو يعني ما يهموش كان حد ظلملو اختو مايهمو كان في روحو,اللي بيظلم مراته لا بيفكر في اخته ولا بيفكر غير في نفسه يعني لا بيهمه حد يظلم اخته ولا بيهمه غير نفسه,الي بظلم مرتو ما بفكر في اخته ولا في اي حد لا بهمو ازا حدا ظلم اختو او لا ما بهمو الا حالو,اللي بظلم مرته لا بفكر في اخته ولا في حدا بيظلم اخته هو بس بفكر وبهتم في حاله,اللي بيظلم مرته لا بيفكر في أخته وما يفكر غير في حالو  يعني ما بيهمو لو حدا ظلم أختو ما بيهمو غير حالو,"<|im_start|>user
Translate the following source text from MSA to TN. Only return the TN translation and nothing else.الذى يظلم زوجته لا يفكر في اخته ولا يفكر غير في نفسه بمعني لا يهمه إذا احد يظلم اخته ومهتم بنفسه فقط
Source: who oppress his wife won't think about his sister and he won't think but himself it means his interested if somebody id oppressing his sister and his interested only in him self
Translation: ",يُظلم زوجته لا يفكر في أخته ولا يفكر غير في نفسه بمعنى لا يهمه إذا احد يظلم أخته ومهتم بنفسه فقط.
Video exclusive and unique,مقطع حصري وفريد,مقطع حصري وفريد,مقطع حصري وفريد,مقطع حصري وفريد,مقطع حصري وفريد,مقطع خاص ومافي منو,"<|im_start|>user
Translate the following source text from MSA to TN. Only return the TN translation and nothing else.مقطع حصري وفريد
Source: Video exclusive and unique
Translation: ",فيديو محلي و محلي و محلي
in spite of emotion exchange between us,على الرغم من تبادل المشاعر بيننا,بالرغم المشاعر متبادلة بيناتنا,على الرغم من تبادل المشاعر بيننا,حتى مع المشاعر الي بينا,على الرغم من تبادل المشاعر بننا,على رغم من تغيير  المشاعر بينا,"<|im_start|>user
Translate the following source text from MSA to TN. Only return the TN translation and nothing else.على الرغم من تبادل المشاعر بيننا
Source: in spite of emotion exchange between us
Translation: ",بدءامة المشاعر المتبادلة بيننا
What are you waiting from thieves ?,ماذا تنتظر من اللصوص ؟,شنوا تستنى من السراق؟,منتظر ايه من اللصوص ؟,شو مستني من الحرامية,,شو مستني من الحرامي ؟؟؟,"<|im_start|>user
Translate the following source text from MSA to TN. Only return the TN translation and nothing else.ماذا تنتظر من اللصوص ؟
Source: What are you waiting from thieves ?
Translation: ",ماذا تنتظر من اللصوص؟
"I don't know why people keep visiting the blog area, although it is been empty for a while now and no one is writing any thing",لا اعلم لماذا يداوم الناس على زيارة المدونة مع إنها فارغة ولا يوجد احد للكتابه  بها  منذ  فتره .,انا ما نعرفش علاش الناس مازالو يدخلوا للبلوق و هو فارغ مافيه شئ وماعادش حد يكتب فيه,معرفش ليه المدونة الناس بتزورها مع إنها فاضية وما فيهاش حد يكتب فيها من زمن,ما بعرف ليش الناس لساب تزور المدونة مع انها فاضية,المدونه فاضيه وما في حدا بكتب فيها من زمان ومع هيك الناس بتزورها,ما بعرف ليش الملاحظات الناس بتزورها مع أنو هي فاضية وما فيها حدا بكتب فيها من زمان,"<|im_start|>user
Translate the following source text from MSA to TN. Only return the TN translation and nothing else.لا اعلم لماذا يداوم الناس على زيارة المدونة مع إنها فارغة ولا يوجد احد للكتابه  بها  منذ  فتره .
Source: I don't know why people keep visiting the blog area, although it is been empty for a while now and no one is writing any thing
Translation: ",لا اعلم لماذا يداوم الناس على زيارة المدونة مع إنها فارغة ولا يوجد احد للكتابه  بها  منذ  فتره.
"what is up moon, how do you do? will you log in to the internet or not?",كيف حالك عزيزتى هل سوف تفتحى الإنترنت,شنوة يا حلوة شعاملة شنوى ماكش باش تكنكتي,إية يا قمر عاملة إية مش هتفتحى النت ولا إية,"شو يا قمر شو عاملة , مش رح تفتحي نت ؟",شو يا قمر كيف حالك ما بدك تفتحي النت ؟,شو يعني يا قمر أنتي ما رح تفتحي النت ولا شو,"<|im_start|>user
Translate the following source text from MSA to TN. Only return the TN translation and nothing else.كيف حالك عزيزتى هل سوف تفتحى الإنترنت
Source: what is up moon, how do you do? will you log in to the internet or not?
Translation: ",كيف حالك عزيزتى هل سوف تفتحى الإنترنت؟ كيف حالك عزيزتى هل سوف تفتحى الإنترنت؟ كيف حالك عزيزتى هل سوف تفتحى الإنترنت؟ كيف حالك عزيزتى هل سوف تفتحى الإنترنت؟ كيف حالك عزيزتى هل سوف تفتحى الإنترنت؟ كيف حالك عزيزتى هل سوف تفتحى الإنترنت؟ كيف حالك عزيزتى هل سوف تفتحى الإنترنت؟ كيف حالك عزيزتى هل سوف تفتحى الإنترنت؟ كيف حالك عزيزتى هل سوف تفتحى الإنترنت؟ كيف حالك عزيزتى هل سوف تفتحى الإنترنت؟ كيف حالك عزيزتى هل سوف تفتحى الإنترنت؟ كيف حالك عزيزتى هل سوف تفتحى الإنترنت؟ كيف حالك عزيزتى هل سوف تفتحى الإنترنت؟ كيف حالك عزيزتى هل سوف تفتحى الإنترنت؟ كيف حالك عزيزتى هل سوف تفتحى الإنترنت؟ كيف حالك عزيزتى هل سوف تفتحى الإنترنت؟ كيف حالك 
because you are a personality that i can not describe,لأنك شخصية و لن اقدر أن أوصفها,على خاطرك شخصية بلحق منجمش نوصفها,لانك شخصيه وبجد مش هعرف اوصفها,انت جد شخصية مستحيل اقدر اوصفها,عن جد ما شاء الله عليك سخصيتك ما بتنوصف,لأنك شخصية وعنجد ما رح أعرف أوصفها,"<|im_start|>user
Translate the following source text from MSA to TN. Only return the TN translation and nothing else.لأنك شخصية و لن اقدر أن أوصفها
Source: because you are a personality that i can not describe
Translation: ",لأنك شخصية و لن اقدر أن أوصفها
"Really Banboon, your topics are real nice and waiting for more of you",حقا يا عزيزتى موضوعاتك جميله و منتظرين المزيد,برسمي يا بنبونة كلك تحفة و نستناو منك اكثر,بجد يا بنبونه توبيكاتك كلها تحفه ومنتظرين منك المزيد,جد يا بنبونه مواضيعك كلها تحفة وبنستنى منك اكتر,عن جد يا بنبونه كل مواضيعك حلوه وبنستنى الزيد منك,عنجد يا بنوته توبيكاتك كلها حلوة وعم نستنى منك الأكتر من هيك,"<|im_start|>user
Translate the following source text from MSA to TN. Only return the TN translation and nothing else.حقا يا عزيزتى موضوعاتك جميله و منتظرين المزيد
Source: Really Banboon, your topics are real nice and waiting for more of you
Translation: ",حقا يا عزيزتى موضوعاتك جميله و منتظرين المزيد
and love whatever you want because you are going to leave it..,و أحب ما تريد لأنك ستفارقه,حب كل الي تريدوا على خاطرك ماشي و مخليه,واحبب ما شئت فانك مفارقه ..,حب الي بدك اياه اخرتك تفارقو,حب اللي بدك اياه والكل ميت ....,حب مين ما بدك بلأخر رح تفارق الكل,"<|im_start|>user
Translate the following source text from MSA to TN. Only return the TN translation and nothing else.و أحب ما تريد لأنك ستفارقه
Source: and love whatever you want because you are going to leave it..
Translation: ",و أحب ما تريد لأنك ستفارقه
you know what pisses me the most?,هل تعرف ماذا يضايقنى كثيرا ؟؟,تعرف شنوى اللي غايظني أكثر ؟,عارفه إيه اللى غايظنى أكتر ؟,عارفة شو اكتر اشي غايظني,بتعرفي شو اكثر اشي غايظني ؟,بتعرف شو أكتر شي غايظني ؟,"<|im_start|>user
Translate the following source text from MSA to TN. Only return the TN translation and nothing else.هل تعرف ماذا يضايقنى كثيرا ؟؟
Source: you know what pisses me the most?
Translation: ",تعرف ماذا يضايقنى كثيرا ؟؟
and from the point of view of boys who take the subject as just a waste of time not something else,ومن  نظره هؤلاء الشباب الذين ينظرون الى الامر على انه مجرد تسلية .,وحسب الشباب الموضوع مضيعة للوقت و اكهو,و من نظرة الشباب الى واخدين الموضوع مجرد تسليه لا غير,ومن نظرة الشباب الي ميخذين الموضوع بس تسلاية,ومن وجهة نظر الشباب اللي معتبرين الموضوع بس تسليه,ومن نظرة الشباب الي أخدين الموضع مجرد تسلية مو أكتر,"<|im_start|>user
Translate the following source text from MSA to TN. Only return the TN translation and nothing else.ومن  نظره هؤلاء الشباب الذين ينظرون الى الامر على انه مجرد تسلية .
Source: and from the point of view of boys who take the subject as just a waste of time not something else
Translation: ",ومن نظره هؤلاء الشباب الذين ينظرون الى الامر على انه مجرد تسلية.
possible you return to many books and read judgments of every sheikh in explanation,من الممكن أن ترجع الى كتب كثيرة و تقرأ إجتهاد كل شيخ فى التفسير,تنجم ترجع لبرشا كتب و تقرا اجتهاد كل شيخ في التفسير,ممكن ترجع لكتب كتير وتقرا اجتهاد كل شيخ في التفسير,ممكن انك ترجع لكثير كتب وترأ اجتهاد كل شيخ بالتفسير,بتقدر ترجع لكتب التفسير وهي كثيره وتقرأ اجتهاد كل شيخ,ممكن ترجع لكتب كتير وتقرا اجتهاد كل شيخ في التفسير,"<|im_start|>user
Translate the following source text from MSA to TN. Only return the TN translation and nothing else.من الممكن أن ترجع الى كتب كثيرة و تقرأ إجتهاد كل شيخ فى التفسير
Source: possible you return to many books and read judgments of every sheikh in explanation
Translation: ",من الممكن أن ترجع الى كتب كثيرة و تقرأ إجتهاد كل شيخ فى التفسير
oh sure Ala' deserved it but if you're a football fan you'd have known that he's strongly wounded and will sit for a month and his level will sure decrease,اوه أكيد علاء يستحق هذا ولكن إذا كنت من مشجعي كرة القدم كنت ستعلم أنه قد جرح بشدة وسيجلس لمدة شهر ولذلك سوف ينخفض مستواه,بالطبيعة علاء يستحق كان جيت اتبع الكورة راك عرفت اللي هو مضروب وضربيو خطيرة ماهوش باش يلعب شهر واكيد مستواه باش يطيح يا كبتن,اه اكيد طبعاا علااء كان احق بس لو انت متااابع كورة كنت عرفت انه مصااب واصا بة شديدة هيقعد شهر واكيد مستوااه هيقل يااكابتن,اه اكيد علاء كان احق بس لو متابع الكرة كنت عرفت انو مصاب اصابة قوية ورح يقعد شهر واكيد رح يقل مستواه,اه اكيد علاء احق منه بس لو انت متابع اخبار كرة القدم لكان عرفت انو علاء اتصاوب وبدو شهر تيرجع وكمان في هالشهر رح يقل مستواه يا كابتن,اي أكيد طبعا علاء كان أحق بس لو أنت متابع طابة كنت عرفت أنه مصاب وأصابة قوية كتير ورح يقعد شهر واكيد مستواه رح ينزل يا كابتن,"<|im_start|>user
Translate the following source text from MSA to TN. Only return the TN translation and nothing else.اوه أكيد علاء يستحق هذا ولكن إذا كنت من مشجعي كرة القدم كنت ستعلم أنه قد جرح بشدة وسيجلس لمدة شهر ولذلك سوف ينخفض مستواه
Source: oh sure Ala' deserved it but if you're a football fan you'd have known that he's strongly wounded and will sit for a month and his level will sure decrease
Translation: ",أوه أكيد علاء يستحق هذا ولكن إذا كنت من مشجعي كرة القدم كنت ستعلم أنه قد جرح بشدة وسيجلس لمدة شهر ولذلك سوف ينخفض مستواه
"on your face, but when a genius like me stand in a front of an animal like you",قد قاربت و لكن عندما يكون عبقرى مثلى يقف امام وغد مثلك,كيفاش واحد عبقري كيفي يقف قدام حيوان كيفك,على وشك بس لما عبقري زيي يقف قدام حيوان زيك,"تقريبا , بس لما عبقري زيي يوقف قدام حيوان زيك",على وشك بس يوم ذكي زيي يقف قدام غبي زيك,على وشك بس لما فهيم متلي بيوقف قدام حيوان متلك,"<|im_start|>user
Translate the following source text from MSA to TN. Only return the TN translation and nothing else.قد قاربت و لكن عندما يكون عبقرى مثلى يقف امام وغد مثلك
Source: on your face, but when a genius like me stand in a front of an animal like you
Translation: ",على وجهك، وعندما يكون عبقرى مثلى يقف امامك، وغد مثلك
and tell her  a lot of things about your worrying and problems,و تخبرها عن العديد من مشاكلك و همومك,وتحكيلها برشا حاجات عليك مشاكلك همومك,وتحكيلها حاجات كتير عنك مشاكلك همومك,واحكيلها كل اشي عن مشاكلك وهمومك,وتشكيلها همومك وتقولها شغلات كتيره عنك,وتحكيلها شغلات كتير عنك وعن مشاكلك وهمومك,"<|im_start|>user
Translate the following source text from MSA to TN. Only return the TN translation and nothing else.و تخبرها عن العديد من مشاكلك و همومك
Source: and tell her  a lot of things about your worrying and problems
Translation: ",و تخبرها عن العديد من مشاكلك و همومك
"look my great brother, the expensive not in the Hama",انظر  ايها  الاخ  الفاضل  الغلاء ليس  فى  اللحوم .,شوف يا خويا الغلا موش من السخانة,بوص يااخى الفاضل الغلاء ليس فى الحمه,شوف الغلاء مش في الحمة,شوف يااخي الكريم مش بس اللحمه غاليه كل شي غلي,شوف يا أخوي الغلا مو بس باللحمة,"<|im_start|>user
Translate the following source text from MSA to TN. Only return the TN translation and nothing else.انظر  ايها  الاخ  الفاضل  الغلاء ليس  فى  اللحوم .
Source: look my great brother, the expensive not in the Hama
Translation: ",انظر  ايها  الاخ  الفاضل  الغلاء ليس  فى  اللحوم.
"and why would you stay silent for time, talk",و لما الصمت لهذا الزمن تكلمى,علاش تسكت للوقت تكلم,وليه تسكتي للزمن اتكلمي,وليش لتسكتي احكي الي بدك اياه,ليش بتسكتى على حقك احكي,وليش تسكتي للزمن أحكي .,"<|im_start|>user
Translate the following source text from MSA to TN. Only return the TN translation and nothing else.و لما الصمت لهذا الزمن تكلمى
Source: and why would you stay silent for time, talk
Translation: ",و لما الصمت لهذا الزمن تكلمى
Believe me man if I gave up on my right once I will give many times,صدقنى يا سيدى إذا تنازلت عن حقى لمرة سأتنازل كثيراً,صدقني يا باشا كان إتنازلت على حقي مرة بش نتنازل برشا,صدقنى ياباشا لو إتنازلت عن حقى مرة هاتتنازل كتير,صدقني لو تنازلت مرة رح اتنازل كتير,صدقني لو اتنازلت عن حقوقي مره رح اتنازل مرات غيرها,صدقني يا أخ لو إتنازلت عن حقي مرة رح أتنازل على طول,"<|im_start|>user
Translate the following source text from MSA to TN. Only return the TN translation and nothing else.صدقنى يا سيدى إذا تنازلت عن حقى لمرة سأتنازل كثيراً
Source: Believe me man if I gave up on my right once I will give many times
Translation: ",أما أن أنا أعتزل عن حقي لمرة سأعتزل عنه كثيراً
"and also the woman, the latest fashion",ايضا ً المرأة و أحدث الأزياء,و زادة المراة و احدث الازياء,وكمان المراه واحدث الازياء,وكمان المراة واجدد الازياء,وكمان المرأه واحدث الازياء,وكمان المرأة واجدد الملابس,"<|im_start|>user
Translate the following source text from MSA to TN. Only return the TN translation and nothing else.ايضا ً المرأة و أحدث الأزياء
Source: and also the woman, the latest fashion
Translation: ",و أحدث الأزياء و المرأة
"in a don't want honey from you, greetings, ""ALA FOULI""","و لا أريد عسل منك تحياتى ""علاء الفولى""",ما نحبش العسل من عندك سلم على الفولي,ولا عاوزه عسل منك سلام علا الفولى,"ما بدي منك عسل , سلام , علا الفولي",وما بدي منك عسل سلام علا الفولى,وما بدو عسل منك سلام على الفول,"<|im_start|>user
Translate the following source text from MSA to TN. Only return the TN translation and nothing else.و لا أريد عسل منك تحياتى ""علاء الفولى""
Source: in a don't want honey from you, greetings, ""ALA FOULI""
Translation: ","و لا أريد عسل منك تحياتى ""علاء الفولى"""
"my son these doctors are living in their world alone, there is a correction for the repeated, deleted, late and many other things",يا  ابنى  هؤلاء  الدكاتره   يعيشون  فى  ملكوتهم الخاص .وليس  هذا  كل  شئ .و لكن  فى  عمليه  التصحيح  والمكرر والتأخير  واشياء  كثيره  مثل  ذلك  ...,يا ولدي الدكاترة هاذم في كوكب وحدهم مش بتصحيح وإلغاء وتوخير بركة في برشة حاجات أخرى,يا بنى الدكاترة دول فى ملكوت لوحدهم مش بس فى كده لأ فى التصحيح وفى المكرر والملغى والتأخير وحاجات كتير قوى,يا حبيبي هدول الدكاترة عايشين بدنبا لحالهم مش بس هيك لا و بالتصحيح وفي المكرر والملغي والتاخير وكل اشي,يا ابني الدكاتره في عالم لحالهم مش بس في هيك كمان في التصليح وفي المكرر والملغى والتأخير وشغلات كثير,يا أبن الدكاترة هدول في ملكوت لوحدهم مو بس في هيك لأفي التصحيح وفي المكرر والملغي والتأخير شغلات كتير كتير,"<|im_start|>user
Translate the following source text from MSA to TN. Only return the TN translation and nothing else.يا  ابنى  هؤلاء  الدكاتره   يعيشون  فى  ملكوتهم الخاص .وليس  هذا  كل  شئ .و لكن  فى  عمليه  التصحيح  والمكرر والتأخير  واشياء  كثيره  مثل  ذلك  ...
Source: my son these doctors are living in their world alone, there is a correction for the repeated, deleted, late and many other things
Translation: ",يا ابني هؤلاء الدكاترة يعيشون في ملكوتهم الخاص ولا هذا كل شئ و لكن في عمليه التصحيح والمكرر والتأخير واشياء كثيره مثل ذلك والمثلية والمثلية والمثلية والمثلية والمثلية والمثلية والمثلية والمثلية والمثلية والمثلية والمثلية والمثلية والمثلية والمثلية والمثلية والمثلية والمثلية والمثلية والمثلية والمثلية والمثلية والمثلية والمثلية والمثلية والمثلية والمثلية والمثلية والمثلية والمثلية والمثلية والمثلية والمثلية والمثلية والمثلية والمثلية والمثلية والمثلية والمثلية والمثلية والمثلية والمثلية والمثلية والمثلية والمثلية والمثلية والمثلية والمثلية والمثلية والمثلية والمثلية والمثلية والمثلية والمثلية والمثلية والمثلية والمثلية والمثلية والمثلية والمثلية والمثلية والمثل
and then,أما بعد,اما بعد,اما بعد,وبعد هيك,اما بعد,وبعدين,"<|im_start|>user
Translate the following source text from MSA to TN. Only return the TN translation and nothing else.أما بعد
Source: and then
Translation: ","و ثم
في البعد"
we shouldn't be negative all the times,لا  يجب ان نكون  بهذه  السلبيه  على  طول  الدوام .,لازم مانكنوش سلبيين برشة و ديما,لازم منكش سلبيين على طول الخط وضربينها طبنجه,لازم ما كنا سلبيين طول الوقت,مش لازم نكون سلبيين دايما وضاربينها بعرض الحيط,لازم ما نكون سلبين على طول ونضربها بسكينة,"<|im_start|>user
Translate the following source text from MSA to TN. Only return the TN translation and nothing else.لا  يجب ان نكون  بهذه  السلبيه  على  طول  الدوام .
Source: we shouldn't be negative all the times
Translation: ",لا يجب ان نكون بهذه السلبيه على طول الدوام
So that he won't lose you over it.,حتي لا يخسرك بسبب ذلك,باش ما يخسركش بسبب ذلك,حتي لا يخسرك بسبب ذلك,مشان ما يخسرك بسبب هداك الاشي,حتى ما يخسرك لهالسبب,حتى لا يخسرك بسبب هالشي,"<|im_start|>user
Translate the following source text from MSA to TN. Only return the TN translation and nothing else.حتي لا يخسرك بسبب ذلك
Source: So that he won't lose you over it.
Translation: ",لأن يكون لا يخسرك بسبب ذلك
"Even if it on my head, not everyone can keep it down.",لوعه وأسى ... ولا يوجد احد يستطيع أن يكتمه ....,ولوعه وأسى ... وموش أي واحد ينجم يخبيه ...,ولوعه وأسى ... ومش أى حد بيقدر يكتمه ...,ولوعة وحزن ... مش اي حد بقدر يخبيه,ولوعه وحزن ..ومش اي حدا بقدر يكتمه..,وشوق وأسى .... ومو أي حدا بيقدر يخبيه .....,"<|im_start|>user
Translate the following source text from MSA to TN. Only return the TN translation and nothing else.لوعه وأسى ... ولا يوجد احد يستطيع أن يكتمه ....
Source: Even if it on my head, not everyone can keep it down.
Translation: ",لوعه وأسى... ولا يوجد احد يستطيع أن يكتمه....
"but I wish people that the replies are not only encouraging, but also the replies will contain new addition or new information related to the subject",برجاء من الجميع أن تكون المشاركات ليست فقط مشجعة بل أيضاً تحتوى على إضافة جديدة أو معلومة جديدة متعلقة بالموضوع,اما ياريت يا جماعة الردود ماتكونش مشجعة اكهو لازم تكون زادة ردود فيهااضافة جديدة او معلومة جديدة متعلقة بالموضوع,بس ياريت يا جماعة الردود متنكنش بس مشجعة كمان تكون ردود تحتوي على اضافه جديدة او معلومة جديدة متعلقة بالموضوع,يا جماعة ما تخلو الردود بس مشجعة خلوها كمان اضافة جديدة ومتعلقة بالموضوع,يا ريت الردود ما تكون بس تشجيع بتمنى تكون تحتوي على اضافه او معلومه مهمه متعلقة بالموضوع,بس ياربت يا جماعة الردود ما تكون بس مشجعة وكويسه وتكون كمان ردود فيها أضافة جديد أو معلومة جديدة متعلقة بالموضوع .,"<|im_start|>user
Translate the following source text from MSA to TN. Only return the TN translation and nothing else.برجاء من الجميع أن تكون المشاركات ليست فقط مشجعة بل أيضاً تحتوى على إضافة جديدة أو معلومة جديدة متعلقة بالموضوع
Source: but I wish people that the replies are not only encouraging, but also the replies will contain new addition or new information related to the subject
Translation: ",وأريد أن شاء الله أن لدي أهلكم أن يكونوا أن تكون المشاركات ليست فقط مشجعة بل أيضاً تحتوى على إضافة جديدة أو معلومة جديدة متعلقة بالموضوع
god help the Muslims and Islam,ربنا ينصر الإسلام والمسلمين جزاكم الله كل خير,ربي ينصر الاسلام و المسليمين جزاكم الله كل خير,ربنا ينصر الاسلام والمسلمين جزاكم الله كل خير,"الله ينصر الاسلام والمسلمين , الله يجزيكم كل خير",الله ينصر الاسلام والمسلمين الله يعطيكو العافيه,الله ينصر الأسلام والمسلمين يارب الله يجزيكم كل خير,"<|im_start|>user
Translate the following source text from MSA to TN. Only return the TN translation and nothing else.ربنا ينصر الإسلام والمسلمين جزاكم الله كل خير
Source: god help the Muslims and Islam
Translation: ",ربنا ينصر الإسلام والمسلمين جزاكم الله كل خير
"actually he reminds me about the Brazilian legend ""Beleeh"" .",بكل صراحه انه يذكرنى بالاسطوره البرازيلى بيليه,بصراحة إفكرني ببيلي الاسطورة البرازيلي,الصراحة هو بيفكرنى بالاسطورة البرازيلى بيليه .,الصراحة هو بذكرني بالاسطورة البرازيلي بيليه,بصراحة هو بذكرني بالسطوره البرازيلي بيليه,الصراحة هو بيذكرني  بالأسطورة البرازيلية,"<|im_start|>user
Translate the following source text from MSA to TN. Only return the TN translation and nothing else.بكل صراحه انه يذكرنى بالاسطوره البرازيلى بيليه
Source: actually he reminds me about the Brazilian legend ""Beleeh"" .
Translation: ",بكل صراحه انه يذكرنى بالاسطوره البرازيلى بيليه
that is rapping the entire body of woman,يغتصب جسم المرأه كله,يعني يغتصب بدن لمراء الكل,يعنى بيغتصب جسم المرأه كله,يعني بغتصب كل جسم المرأة,يعني بغتصب كل جسم المرأه,يعني بيغتصب جسم المرأة كلو,"<|im_start|>user
Translate the following source text from MSA to TN. Only return the TN translation and nothing else.يغتصب جسم المرأه كله
Source: that is rapping the entire body of woman
Translation: ",يغتصب جسم المرأه كله
Habhoob.,هبهههوب,هبهههوب,هبهههوب,هبهووووب,هيهههوب,هبههههههههههههههههههههههوب,"<|im_start|>user
Translate the following source text from MSA to TN. Only return the TN translation and nothing else.هبهههوب
Source: Habhoob.
Translation: ",هبهههوب.
Computer?,كمبيوتر ؟,ارديناتور؟,كمبيوتر ؟,كمبيوتر ؟,كمبيوتر؟,كمبيوتر ؟,"<|im_start|>user
Translate the following source text from MSA to TN. Only return the TN translation and nothing else.كمبيوتر ؟
Source: Computer?
Translation: ",كمبيوتر ؟
I`m wondering what's the most thing that bothered you and affected your life,ما هو أكثر شئ يؤلمك وأثر على حياتك ؟,زعمة شنوى اكثر حاجة قلقتك و اثرتلك على حيلتك برشا,يا ترى اكتر حاجه ديقتك واثرت على حياتك وي ا,شو اكتر اشي دايقك واثر على حياتك,شو اكثر حاجه ذايقتك واثرت على حياتك ؟,يا ترى شو أكتر شي دايقك واثر في حياتك كتير,"<|im_start|>user
Translate the following source text from MSA to TN. Only return the TN translation and nothing else.ما هو أكثر شئ يؤلمك وأثر على حياتك ؟
Source: I`m wondering what's the most thing that bothered you and affected your life
Translation: ",أنا أتاكل ما هو أكثر شئ يؤلمك وأثر على حياتك؟
Mr I am holding the lady and depriving her form getting out and wearing dresses and holding the kids to get them learn the name of the prophets and the talks till my throat was dry,السيد انا كثيرا  ما اضيق الخناق  على  زوجتى  واحرمها  من  الخروج  وارتداء  الفساتين . وكل  همى  هو ان احفظ اطفالى  اسماء الصحابه  والاحاديث .,راني شاد عليها العسة ومانخليهاش تخرج وقاعد نحفض في ولادي في أسماء الصحابة والأحاديث حتى ريقي شاح.,السيد دأنا مكتف الولية وحارمها من الخروج ولبس الفساتين وماسك العيال عمال أحفظ فيهم أسماء الصحابة والأحاديث لمّا ريقي نشف .,السيد انا مربط المرا وحارمها من الطلعة ولبس الفساتين وماسك الولاد بحفظ فيهم اسماء الصحابة والاحاديث لحتى نشف ريقي,السيد ما انا مكتف مرتي ومانعها من الطلعه ولبس الفساتين وبحفظ في اولادي اسماء الصحابه تمنه نشف ريقي,السيد أنا مكتف المرأة وحارمها من الطلعة من البيت ولبس الروب وماسك الولاد وعم أحفظهم أسماء الصحابة والأحاديث لحتى ريقي نشف,"<|im_start|>user
Translate the following source text from MSA to TN. Only return the TN translation and nothing else.السيد انا كثيرا  ما اضيق الخناق  على  زوجتى  واحرمها  من  الخروج  وارتداء  الفساتين . وكل  همى  هو ان احفظ اطفالى  اسماء الصحابه  والاحاديث .
Source: Mr I am holding the lady and depriving her form getting out and wearing dresses and holding the kids to get them learn the name of the prophets and the talks till my throat was dry
Translation: ",سيدي، أحفظ أنا أحدث الأمرية وأحفظت عنها تخرج وتحرم ثوبها، وأحفظ أطفالها لتتعلمون اسم النبي والحديث حتى كان جهاتي مريحة.
then you are asking i am asking about what they are doing so,ثم انت تسألنى و انا الذى اسال لماذا يفعلوا هكذا,ومبعد تسألني شبيهم يعملوا هكا,وبعدين إنتا بتسألنى أنا متسأل الى بيعملوا كده,"انت بتسألني انا ليش , اسال الي بعملو هيك",وبعدين ليش بتيال فيي اسال اللي بسووا هيك,وبعدين أنت ليش عم تسألني أسأل الي عم يعملو هيك,"<|im_start|>user
Translate the following source text from MSA to TN. Only return the TN translation and nothing else.ثم انت تسألنى و انا الذى اسال لماذا يفعلوا هكذا
Source: then you are asking i am asking about what they are doing so
Translation: ",ثم انت تسألنى و انا الذى اسال لماذا يفعلوا هكذا
isn't there any body to do me a favor and kidnap me too!!,هل يوجد احد يعمل بى معروف ويخطفنى أنا أيضا ً !!,حد ما يكسب فيا ثواب و يخطفني انا زادة,ماحدش يكسب فيا ثواب ويخطفني انا كمان !!,يا ريت حد يخطفني ويكسب فيا ثواب,الحكاية بطيخ خالص ..,ما حدا بدو يكسب فيها ثواب ويخطفي أنا كمان !!!!!,"<|im_start|>user
Translate the following source text from MSA to TN. Only return the TN translation and nothing else.هل يوجد احد يعمل بى معروف ويخطفنى أنا أيضا ً !!
Source: isn't there any body to do me a favor and kidnap me too!!
Translation: ",هل يوجد احد يعمل بى معروف ويخطفنى أنا أيضا ً!!هل يوجد احد يعمل بى معروف ويخطفنى أنا أيضا ً!!
"a friend stands by his friend in good times and in bad, is not embarrassed by him for any reason, is happy for his happiness and sad for his sadness, he has a wise opinion for you",الصديق يقف الى جانب صديقه فى السراء و فى الضراء ولا يخجل منه فى أى شىء ، يفرح لفرحه و يحزن لحزنه و يشاركك الرأى الحكيم,الصاحب ياقف مع صاحبو في الباهي و الخايب ما يحشمش منو يفرح لفرحو و يحزن لحزنو ويكون حكيم في رأيه معاك,الصديق يقف جنب صديقه فى السراء ووالضراء مايتكسفش منه فى اى حاجة يفرح لفرحه ويزعل لزعله يكون رأيه حكيم معاك,الصديق بيوقف جنب صديقو في الفرح والحزن ما بيخجل منو بأي اشي بفرح لفرحو وبزعل لزعلو وبعطيك رأي صحيح,الصديق بكون دايما جنب صديقه في السراء والضراء وما بخجل منه وبفرح لفرحه وبحزن لحزنه وبيحاول يدله على الصح,الرفيق بيوقف جنب رفيقو في السراء والضراء وما بيخجل منو في أي شي بيفرح لفرحه وبيزعل لزعلو ويكون رأيه مظبوط معه,"<|im_start|>user
Translate the following source text from MSA to TN. Only return the TN translation and nothing else.الصديق يقف الى جانب صديقه فى السراء و فى الضراء ولا يخجل منه فى أى شىء ، يفرح لفرحه و يحزن لحزنه و يشاركك الرأى الحكيم
Source: a friend stands by his friend in good times and in bad, is not embarrassed by him for any reason, is happy for his happiness and sad for his sadness, he has a wise opinion for you
Translation: ",صديق يقف الى جانب صديقه فى السراء و فى الضراء ولا يخجل منه فى أى شىء ، يفرح لفرحه و يحزن لحزنه و يشاركك الرأى الحكيم
To film ironing and cheese.,حتى نصور المكواه والجبن,باش نصوروا مكة و قريش,علشان نصور المكوة والقريش ..,علشان نصور المكوة والجبنة,علشان نصور المكوة والقريش ..,مشان نصور المكوية والفرش ....,"<|im_start|>user
Translate the following source text from MSA to TN. Only return the TN translation and nothing else.حتى نصور المكواه والجبن
Source: To film ironing and cheese.
Translation: ",للتوقيت والجبنة.
I am not more expensive than a pearl...,انا لست أغلى من الدره .,انا مانيش اغلى من الدرة,أنا مش أغلى من الدره ...,انا مش اغلى من الجوهرة,انا مش اغلى من الدره ...,"أنا مو أغلى من الدره ,,,,,","<|im_start|>user
Translate the following source text from MSA to TN. Only return the TN translation and nothing else.انا لست أغلى من الدره .
Source: I am not more expensive than a pearl...
Translation: ",أنا لا أكون أكثر أغلى من الدره.
And the watermelon will be bald anyway,و على اى حال نكتشف ان البطيخة فاسدة,البطيخة يا تطلع قرعة ولا قرعة,ويا تطلع البطيخه قرعه يا قرعه,البطيخة رح تطلع قرعة بكل الاحوال,ويا تطلع البطيخه تفله يا تفله,ويا تطلع البطيخة قرعه يا قرعه,"<|im_start|>user
Translate the following source text from MSA to TN. Only return the TN translation and nothing else.و على اى حال نكتشف ان البطيخة فاسدة
Source: And the watermelon will be bald anyway
Translation: ",و على اى حال نكتشف ان البطيخة فاسدة
"so I hit him with a stick in his head, so I wiped his blood",و قمت بضربه بالعصا على رأسه فغرق فى دمائه,ضربتلوا راسوا بالعكاز كسرتهولوا و سيحت دموا,رحت راقعة بالعكاز فى ام نافوخه رحت مسيح دمه,ضربتو بالعكازة في نص راسو طيحت دمو,ضربته بالعصا  على راسه ونزلتله دمه,رح ضربتها بالعكازه هي نص راسو  وخليت الدم للركب,"<|im_start|>user
Translate the following source text from MSA to TN. Only return the TN translation and nothing else.و قمت بضربه بالعصا على رأسه فغرق فى دمائه
Source: so I hit him with a stick in his head, so I wiped his blood
Translation: ",وقمت بضربه بالعصا على رأسه فغرق فى دمائه
"How are you, and what are your news",كيف حالك و كيف اخبارك ؟,شنحوالك شعامل,ازيك واكيف اخبارك,كيفك شو اخبارك؟,كيف حالك وشو اخبارك ؟,كيفك وشو أخبارك ؟,"<|im_start|>user
Translate the following source text from MSA to TN. Only return the TN translation and nothing else.كيف حالك و كيف اخبارك ؟
Source: How are you, and what are your news
Translation: ",كيف حالك و كيف اخبارك ؟
"you'll be in the heavem and I'll be in the hell fire, and you'll do all what is prohibited that I do",إنت سوف تدخل الجنة وأنا سوف أدخل النار وسوف تفعل كل الحرام الذى أفعله,انت باش تدخل الجنة وانا باش ندخل النار و باش تعمل الحرام الكل اللي انا نعمل فيه,إنت هتخش الجنة وأنا هاخش النار وهتعمل كل الحرام اللي أنا باعمله,انت رح تدخل الجنة وانا النار ورح تعمل كل الحرام الي انا بعملو,انت رح تدخل الجنه وانا بدخل النار حتى لو عملت نفس الحرام اللي انا عملته,إنت رح تدخل الجنة وأنا رح أدخل النار ورح تعمل كل الحرام الي أنا بعملو,"<|im_start|>user
Translate the following source text from MSA to TN. Only return the TN translation and nothing else.إنت سوف تدخل الجنة وأنا سوف أدخل النار وسوف تفعل كل الحرام الذى أفعله
Source: you'll be in the heavem and I'll be in the hell fire, and you'll do all what is prohibited that I do
Translation: ",تستعين إلى الجنة، وأنا ستعين إلى النار، وستفعل كل حرام الذي أفعله أنا
"The doctor was disappointed, but he got surprised with a shyly raising hand it was Waseem's hand",والدكتور شعر بخيبة آمل ولكنه تفاجأ بأيد مرفوعة علي إستحياء إنها يد وسيم,و الطبيب حس بخيبة امل اما اتفا جأ بيدين مهزوزة و طلعت يد سليم,والدكتور شعر بخيبة آمل ولكنه أتفاجأ بأيد مرفوعة علي استحياء انها يد وسيم,"والدكتور خاب املو بس اتفاجأ بايد مرفوعة بخجل , ايد وسيم",حس الدكتور بخيبة امل بس تفاجأ بايد مرفوعة بتردد وهي ايد وسيم,والدكتور حس بخيبة أمل بس  أتفاجأ بأيد مرفوعة على خجل هي أيد وسيم,"<|im_start|>user
Translate the following source text from MSA to TN. Only return the TN translation and nothing else.والدكتور شعر بخيبة آمل ولكنه تفاجأ بأيد مرفوعة علي إستحياء إنها يد وسيم
Source: The doctor was disappointed, but he got surprised with a shyly raising hand it was Waseem's hand
Translation: ",والدكتور شعر بخيبة آمل ولكنه تفاجع بأيد مرفوعة علي إستحياء إنها يد وسيم
"and from their evil, and when they were kind god said about them Truly mighty is women snare",و عن شرهن عندما كانوا طيبات و قال الله عنهم إن كيدهن عظيم,ومن شرهم هذا كيف كانو طيبين و رايضين ربي قال عليهم ان كيدهن عظيم,ومن شرهن ده لما كانو طيبين وبحالهن قال ربنا عنهم ان كيدهن عظي,ومن شرهن هاد ربنا حكى عنهم ان كيدهن عظيم,ومن شرهم هدا وزمان وهن طيبات في حالهن الله قال عنهن ان كيدهن عظيم,ومن شرهن هاد لما كانو طيبين وبحالن قال الله عنهم ( إن كيدهن عظيم ),"<|im_start|>user
Translate the following source text from MSA to TN. Only return the TN translation and nothing else.و عن شرهن عندما كانوا طيبات و قال الله عنهم إن كيدهن عظيم
Source: and from their evil, and when they were kind god said about them Truly mighty is women snare
Translation: ","و عن شرهن عندما كانوا طيبات و قال الله عنهم إن كيدهن عظيم
في إطار من المزيد من التعليمات التي أنزل الله عز وجل في القرآن الكريم، و في إطار من التعليمات التي أنزل الله عز وجل في الإنجيل، و في إطار من التعليمات التي أنزل الله عز وجل في الكتاب المقدس، و في إطار من التعليمات التي أنزل الله عز وجل في الكتاب المقدس الأخر، و في إطار من التعليمات التي أنزل الله عز وجل في الكتاب المقدس الأول."
"We must know and admit that we were Defeated, but we must know the enemy will never turn into a friend, and we must teach our sons and daughter that this is our enemy.",من المهم معرفة اننا قد هزمنا و نعترف بذلك و لكن يجب معرفة ان العدو لا يمكن ان يكون صديق و نعلم ابنائنا ان هذا عدونا,احنا لازم نعرفوا انا تغلبنا و نستعرفوا اما لازم نعرفوا اللي العدو ما ينجمش يولي صاحب و لازم نقول لولادنا ان هذاكا عدونا,احنا لازم نعرف اننا مهزومين ونعترف بكدة لكن لازم نعرف ان االعدو مش ممكن يبقى صديق ولازم نعلم ولادنا ان ده عدونا,احنا لازم نعترف انا مغلوبين ولازم نعرف انو العدو مستحيل يكون صديق ولازم نحكي لولادنا مين هو عدونا,احنا لازم نعترف بالهزيمه بس لازم نعرف كمان انو العدو ولا مره ممكن يصير صديق وواجب علينا نبين لولادنا انو هدا عدونا,نحنا لازم نعرف أننا خسارنين ونعترف بهيك لكن لازم نعرف أن العدو مو  ممكن أنو صديق ولازم نعلم ولادنا أنو هاد عدونا,"<|im_start|>user
Translate the following source text from MSA to TN. Only return the TN translation and nothing else.من المهم معرفة اننا قد هزمنا و نعترف بذلك و لكن يجب معرفة ان العدو لا يمكن ان يكون صديق و نعلم ابنائنا ان هذا عدونا
Source: We must know and admit that we were Defeated, but we must know the enemy will never turn into a friend, and we must teach our sons and daughter that this is our enemy.
Translation: ",نعترف على أننا هزمنا، و لكن يجب على نسبة العدو أن يكون صديقًا، و نعلم أبناءنا أن هذا عدونا
i did see here but i'll say what are you going to download this time Marwan,انى رايتها ثمانيه و لكن ماذا اقول سوف تسقط هذه المره يا مروان,أنا ريتها مع ثمانية وإنت باش تهبط توا يا مروان,انا شفتها تمانيه بس هقول ايه هتنزل المره دى مروان,انا شفتها هون بس شو رح احكي شو بتنزل مروان,رح تنزل المره هاي يا مروان ان شفتها ثمانيه بس شو بدي احكي,أنا شفتها تمانية بس رح قول شو رح تنزل المرة هي مروان,"<|im_start|>user
Translate the following source text from MSA to TN. Only return the TN translation and nothing else.انى رايتها ثمانيه و لكن ماذا اقول سوف تسقط هذه المره يا مروان
Source: i did see here but i'll say what are you going to download this time Marwan
Translation: ",انا رايتها ثمانيه و لكن ماذا اقول سوف تسقط هذه المره يا مروان
and exploits our intelligent and tested human who link with him and will live with him rest of our life,ونستغل ذكائنا ونختبر الإنسان الذى إرتبطنا به وسوف نعيش معه باقى العمر,و نستغل ذكائنا و نجرب العبد اللي ارتبطنا بيه واللي باش نكمل معاه حياتي,ونستغل زكائنا ونختبر الانسان اللي ارتبطنا بيه واللي هنعيش معاه بقيت عمرنا,لازم نستغل ذكائنا ونختبر الانسان الي ارتبطنا فيه واللي رح نعيش معو طول عمرنا,وبذكائنا بنختبر الانسان اللي ارتبطنا فيه واللي بدنا نعيش معه لاخر حياتنا,وبنحاول نستغل زكائنا ونختبر الأنسان اللي ارتبطنا فيه  واللي رح نعيش معو باقي عمرنا,"<|im_start|>user
Translate the following source text from MSA to TN. Only return the TN translation and nothing else.ونستغل ذكائنا ونختبر الإنسان الذى إرتبطنا به وسوف نعيش معه باقى العمر
Source: and exploits our intelligent and tested human who link with him and will live with him rest of our life
Translation: ",ونستغل ذكائنا ونختبر الإنسان الذى إرتبطنا به وسوف نعيش معه باقى العمر
listen really the party topic at the university is not true because basically the university is a place for teaching this is basically which means that the party has its own place,اسمع، موضوع الحزب في الجامعة ليس صحيحاً لأن الجامعة في الأساس هي مكان للتعليم وهذا يعني أن الحزب له مكانه الخاص,شوف هو بالحق موضوع الحفلات فى الجامعة موش صحيح جملة على خاطر المفروض ان الجامعة نقراو فيها هذا هو المفروض والحفلات هاذي ليها بقعتها,بص هو فعلا موضوع الحفلات فى الجامعه ده مش صح اساسا لان المفروض ان الجامعه دى مكان للتعليم ده المفروض يعنى والحفلات دى ليها اماكنها,شوف هو موضوع الحفلات بالجامعة مش صح لانو الجامعة مكان تعليم والحفلات الها اماكنها,شوف هو عمل الحفلات في الجامعه اصلا مش صح لانو هو مكان للتعليم مش مكان رقص واغاني والحفلات الها امكن خاصه هيك المفروض,شوف هو فعلا موضوع الحفلات في الجامعة هاد مو صح اساسا لأنو المفروض انو الجامعة هي مكان للتعليم هاد المفروض يعني والحفلات هي الها أماكنها,"<|im_start|>user
Translate the following source text from MSA to TN. Only return the TN translation and nothing else.اسمع، موضوع الحزب في الجامعة ليس صحيحاً لأن الجامعة في الأساس هي مكان للتعليم وهذا يعني أن الحزب له مكانه الخاص
Source: listen really the party topic at the university is not true because basically the university is a place for teaching this is basically which means that the party has its own place
Translation: ",اسمع، موضوع الحزب في الجامعة ليس صحيحاً لأن الجامعة في الأساس هي مكان للتعليم وهذا يعني أن الحزب له مكانه الخاص
that program enter written file or any written things will extract from other side as audio file recorded with what written in the paper on shape of extension,قم بإدخال ملف مكتوب على هذا البرنامج يقوم بإخراجها كملف صوتى مُسجل بالكلام الذى كُتِب فى الملف كما يتغير إمتداده,هالبرنامج تدخلو ملف مكتوب ولا اى حاجة مكتوبة يخرجها من ا لجهة لخرى ملف صوت متسجل بالكلام اللى مكتوب فى الورقة على هيئة امتداد,البرنامج ده تدخله ملف مكتوب او اى حاجة مكتوبة يخرجها من الناحية التانية ملف صوت متسجل بالكلام اللى مكتوب فى الورقة على هيئة امتداد,هاد البرنامج بتدخلو ملف مكتوب من جهة وبطلعو ملف صوت بالحكي المكتوب من الجهة التانية بامتداد,الية عمل هدا البرنامج انو بتدخله البانات مكتوبه بطلعها صوت مسجل بالكلمات المكتوبه على الورقه على شكل امتداد,البرنامج هاد رح تدخله ملف مكتوب أو أي شي مكتوبة يخرج من الناحية التانية ملف صوت مسجل بالكلام الي مكتوب في الورقة على شكل أمتداد,"<|im_start|>user
Translate the following source text from MSA to TN. Only return the TN translation and nothing else.قم بإدخال ملف مكتوب على هذا البرنامج يقوم بإخراجها كملف صوتى مُسجل بالكلام الذى كُتِب فى الملف كما يتغير إمتداده
Source: that program enter written file or any written things will extract from other side as audio file recorded with what written in the paper on shape of extension
Translation: ",يقوم بإخراجها كملف صوتى مُسجل بالكلام الذى كُتِب فى الملف كما يتغير إمتداده
"the father of this nation, good morning your honor",ابو وطن صباح الخير سيادتك,بو وطن صباح شريف يا سيدي,ابو وطن صباح شريف معاليك,ابو وطن صاح شريف معاليك,صباح شريف معالي ابو وطن,أبو وطن صباح سعادتك,"<|im_start|>user
Translate the following source text from MSA to TN. Only return the TN translation and nothing else.ابو وطن صباح الخير سيادتك
Source: the father of this nation, good morning your honor
Translation: ",ابو وطن صباح الخير سيادتك
I get very happy also for the supporting words and that someone troubled himself and stopped to comment with a word that he thinks it could ease things up for me.,اكون سعيد ايضا من كلمات التدعيم و اذا شخص تكرم و علق بكل كلمه راها انها ستخفف عنى,راني نفرح عالاخر كي نلقى شكون يواسيني ويقف معايا,بافرح اوي برضه من كلمات التدعيم و ان حد كلف نفسه ووقف يعلق بكلمه شايف انها ممكن تخفف عني ،,كتير بنبسط من كلمات التشجيع وانو حدا وقف يحكي يخفف عني,بفرح كتير كمان من الكلام اللي بدعمني ولو في حدا يقولي كلام ممكن  يخفف عني يقوله,أنا بفرح كتير كمان من كلمات الي بتدعم الشخص وأن واحد كلف حالو ووقف يعلق بكلمة  هو شايف أنو هالكلمة ممكن  تخفف عني,"<|im_start|>user
Translate the following source text from MSA to TN. Only return the TN translation and nothing else.اكون سعيد ايضا من كلمات التدعيم و اذا شخص تكرم و علق بكل كلمه راها انها ستخفف عنى
Source: I get very happy also for the supporting words and that someone troubled himself and stopped to comment with a word that he thinks it could ease things up for me.
Translation: ",أنا أشعر بالسعادة أيضاً من كلمات التدعيم و إذا كان شخص يتكرم و يعلق بكل كلمة راها أنها ستخفف عنى
this is more danger from one Gambling on souif or mohamrd bakry targets and also,هذا إخطر بكثير من أن أحد يراهن على أهداف سويف أو محمد بكرى أيضاً,هذا اخطر ببرشة من حد يعلق على اهداف سويف ولا محمد بكري,ده أخطر بكثير من حد بيزايد على أهداف سويف أو محمد بكري و برضه,هاد اخطر بكتير من حدا بزايد على اهداف سويف او محمد بكري وبوضو,هدا اخطر بكثير من حدا بيزايد على اهداف سويف او محمد بكري وكمان,هاد أخطر من حدا بيناسف على أهداف سويف أو محمد بكري,"<|im_start|>user
Translate the following source text from MSA to TN. Only return the TN translation and nothing else.هذا إخطر بكثير من أن أحد يراهن على أهداف سويف أو محمد بكرى أيضاً
Source: this is more danger from one Gambling on souif or mohamrd bakry targets and also
Translation: ",هذا إخطر بكثير من أن أحد يراهن على أهداف سويف أو محمد بكرى أيضاً
"or what? consider it a sitting like any sitting...haha, may god help you",ولقد  اعتبرها   جلسه مثل   جلسه .... هههه    وفقك  الله .,ولا شنوى حسبتها قاعدة كيما قاعدة ربي معاك,ولا ايه اعتبرها قعدة زي قعدة ههه ربنا يوفقك,ولا شو اعتبر قعدة زيه هاي القعدة الله يوفقك,ولا شو اعتبرها قعده زي قعدة ههه الله يفرجها عليك,ولا شو اعتبرها قعدة متل قعدة هههههه  الله يوفقك,"<|im_start|>user
Translate the following source text from MSA to TN. Only return the TN translation and nothing else.ولقد  اعتبرها   جلسه مثل   جلسه .... هههه    وفقك  الله .
Source: or what? consider it a sitting like any sitting...haha, may god help you
Translation: ",أو ما؟ أعتبرها جلسة كالجلسة... هههه وفقًا بالله.أو ما؟ أعتبرها جلسة كالجلسة... هههه وفقًا بالله.أو ما؟ أعتبرها جلسة كالجلسة... هههه وفقًا بالله.أو ما؟ أعتبرها جلسة كالجلسة... هههه وفقًا بالله.أو ما؟ أعتبرها جلسة كالجلسة... هههه وفقًا بالله.أو ما؟ أعتبرها جلسة كالجلسة... هههه وفقًا بالله.أو ما؟ أعتبرها جلسة كالجلسة... هههه وفقًا بالله.أو ما؟ أعتبرها جلسة كالجلسة... هههه وفقًا بالله.أو ما؟ أعتبرها جلسة كالجلسة... هههه وفقًا بالله.أو ما؟ أعتبرها جلسة كالجلسة... هههه وفقًا بالله.أو ما؟ أعتبرها جلسة كالجلسة... هههه وفقًا بالله.أو ما؟ أعتبرها جلسة كالجلسة... هههه وفقًا بالله.أو ما؟ أعتبرها جلسة كالجلسة... هههه وفقًا بالله.أو ما؟ أعتبرها
and my greetings Mr Mohammad Nabeel,و تحياتى لك استاذ محمد نبيل,وتحياتي ليك استاذ محمد نبيل,وتحياتي لك استاذ محمد نبيل,تحياتي استاز محمد نبيل,وتحياتي استاذ  محمد نبيل,وسلامي الك يا استاذ محمد نبيل,"<|im_start|>user
Translate the following source text from MSA to TN. Only return the TN translation and nothing else.و تحياتى لك استاذ محمد نبيل
Source: and my greetings Mr Mohammad Nabeel
Translation: ",و تحياتى لك استاذ محمد نبيل
We will bring a couple of books that talks about standards,سنحضر عدة كتب تناقش موضوع المقاييس,نوليو نجيبوا شويا كتب يحكيو على المقاييس,يبقى نجيب كام كتاب بيتكلم على المقاييس,بنجيب اكم كتاب بحكي عن المقاييس,معناها نجيب اكم كتاب عن المقاييس,بيبقى نجيب كم كتاب بيحكي عن المقاييس,"<|im_start|>user
Translate the following source text from MSA to TN. Only return the TN translation and nothing else.سنحضر عدة كتب تناقش موضوع المقاييس
Source: We will bring a couple of books that talks about standards
Translation: ",سنحضر عدة كتب تناقش موضوع المقاييس
hhh but those their story finished in the past,لكن هؤلاء قصتهم انتهت فى الماضى,ههه اما هذوما حكايتهم وفاة عندها برشا ههه,ههه بس دول ياعيني قصتهم خلصت من زمااان ههه,ههه بس هدول قصتهم خلصت من زمان,ههه بس هدول يا حرام من زمان خلصت قصتهم ههه,ههههه بس هدول يا عيني قصتهم خلصت من زمان ههههه,"<|im_start|>user
Translate the following source text from MSA to TN. Only return the TN translation and nothing else.لكن هؤلاء قصتهم انتهت فى الماضى
Source: hhh but those their story finished in the past
Translation: ",لكن هؤلاء قصتهم انتهت فى الماضى
Then he deserves to be killed,يكون مصيره القتل,يولي يستاهل القتل,يبقي يستاهل القتل,اذا بستاهل القتل,معناها بستاهل الموت,معناها بيستاهل القتل,"<|im_start|>user
Translate the following source text from MSA to TN. Only return the TN translation and nothing else.يكون مصيره القتل
Source: Then he deserves to be killed
Translation: ",ثم يكون مصيره القتل
it is corrupted..this is the carpenter of your wheels..this is my fate?,إنه لا يصلح وهذا نجار دوالبيكم ، هل هذا نصيبى ؟,دوالبكم مخربين و انا نجار نصلحهم هذاك زهري؟,خربان و نا نجار دواليبكم هي كده قسمتي ؟,"خربان وانا نجار عجالكم , هاي قسمتي ونصيبي ؟",خالص وانا عامل اشغالكم كلها هذي قسمتي ؟,خربان وأنا نجار خزناتكم هي هيك قسمتي بهالدنيا ؟,"<|im_start|>user
Translate the following source text from MSA to TN. Only return the TN translation and nothing else.إنه لا يصلح وهذا نجار دوالبيكم ، هل هذا نصيبى ؟
Source: it is corrupted..this is the carpenter of your wheels..this is my fate?
Translation: ",هذا متكرر ، هذا هو جانب دوالبيكم ، هل هذا نصيبي ؟
"And forget about the inner taste , forget to say a sweet word",و تنسى ان الذوق الداخلى ان تقول له كلمه جميله,تنجم تنسى بش تقول كلام حلو,وتنسي ان الذوق الداخلي تنسي انه تقول كلمه حلوه,وتنسي تحكي كلمة حلوة من باب الذوق,وتنسى ان الذوق من الداخل وتنسى تحكي كلمه حلوه,وتنسى أن الذوق من جوا وتنسى تقول كلمة حلوة,"<|im_start|>user
Translate the following source text from MSA to TN. Only return the TN translation and nothing else.و تنسى ان الذوق الداخلى ان تقول له كلمه جميله
Source: And forget about the inner taste , forget to say a sweet word
Translation: ",و تنسى ان الذوق الداخلى ان تقول له كلمه جميله
And you have the choice after all,وأنت الذى تملك الأختيار فى جميع الأحوال,وانت اللي تختار في الاول وفي الاخر,وانت اللي لك الاختيار في الاول والاخر,اول عن اخر انت الي رح تختار,والاختيار برجعلك,وانت الي ألك الاختيار في الأول والأخير,"<|im_start|>user
Translate the following source text from MSA to TN. Only return the TN translation and nothing else.وأنت الذى تملك الأختيار فى جميع الأحوال
Source: And you have the choice after all
Translation: ",وأنت الذى تملك الأختيار فى جميع الأحوال
"Thanks a lot for the very nice topic and I would love to thank you for this nice reply! About the guys, god guide all! God bless you",و شكرا جداً على هذا الموضوع الجميل جدا و احب اشكرك ايضا على هذا الرد الجميل اما بخصوص الشباب ربنا يهدى الجميع,ومرسي برشا على التوبيك لحلو هذا وانا نحب نشكرك على الجاست لحلوة اما الشباب ربي يهديهم وربي يخليك,وميرسى اوى على التوبيك الجميل اوى ده وانا أحب اشكرك علي هذا الرد الجميل أما بخصوص الشباب فربنا يهدي الجميع يا رب الله يخليك,وشكرا كتير على الموضوع الحلو كثير وبشكرك على الرد الحلو . اما بخصوص الشباب ف الله يهديهم .,شكرا كتير على هالموضوع الحلو هدا وكمان بحب اشكرك على ردك المميز اما بخصوص الشباب بتمنى ربنا يهديهم والله يخليك,شكرا كتير على التوبيك الحلو كتير هاد وأنا بحب أشكرك  على هالرد الجميل أما بخصوص الشباب الله  يهدي الجميع يارب الله يخليك,"<|im_start|>user
Translate the following source text from MSA to TN. Only return the TN translation and nothing else.و شكرا جداً على هذا الموضوع الجميل جدا و احب اشكرك ايضا على هذا الرد الجميل اما بخصوص الشباب ربنا يهدى الجميع
Source: Thanks a lot for the very nice topic and I would love to thank you for this nice reply! About the guys, god guide all! God bless you
Translation: ",شكرا جداً على هذا الموضوع الجميل جدا و احب اشكرك ايضا على هذا الرد الجميل اما بخصوص الشباب ربنا يهدى الجميع
"no, those guys understand but you know what, if the Olympics were in India i would have believed that they could do the logo this way",هؤلاء الاشخاص يفهمون و لكن انت تعرف اذا الاولمبياد كان فى الهند لكان من الممكن ان اصدق انهم يفعلون هذا الشعار,الناس هذوما ما يفهموش اما انت تعرف كان الالمبيادهاذي في الهنديمكن كنت نصدق اللي الشعار يعملوه هكا,لا الناس دى بتفهم بس انت عارف لو الاولمبياد دى فى الهند كنت ممكن اصدق ان هم بيعملوا الشعار كده,لا الناس هاي بتفهم عارف لو الاولمبياد في الهند كنت ممكن اصدق انهم بعملو الشعار هيك,لا هدول بفهموا بس انت عارف لو الالومبياد هدي في الهند ممكن اصدق انو هم بيسووا هيك شعار,لا الناس هي بتقهم بس أنت بتعرف لو الأولمبيات هي في الهند كنت ممكن أصدق أن هن بيعملوا الشعار هاد,"<|im_start|>user
Translate the following source text from MSA to TN. Only return the TN translation and nothing else.هؤلاء الاشخاص يفهمون و لكن انت تعرف اذا الاولمبياد كان فى الهند لكان من الممكن ان اصدق انهم يفعلون هذا الشعار
Source: no, those guys understand but you know what, if the Olympics were in India i would have believed that they could do the logo this way
Translation: ",لا، هؤلاء الاشخاص يفهمون و لكن انت تعرف اذا الاولمبياد كان فى الهند لكان من الممكن ان اصدق انهم يفعلون هذا الشعار
While every guys that wants to be with a girl for real and take most of what he wants from her,فى حين أن كل شاب يأنف أن يرتبط جديا بفتاة أخذ منها معظم ما يريد,فى حين أن كل شاب يأنف أن يرتبط جديا بفتاة أخذ منها معظم ما يريد,فى حين أن كل شاب يأنف أن يرتبط جديا بفتاة أخذ منها معظم ما يريد,كل شب بدو جد يرتبط ببنت اخذ منها كل الي بدو اياه,من ناحيه ثانيه كل شب برفض يرتبط  بالبنت اللي اخذ منها اللي بدو اياه,في الأغالب أن كل شاب رح يرفض انو يرتبط بفتاة أخد منها معظم الي بدو ياه,"<|im_start|>user
Translate the following source text from MSA to TN. Only return the TN translation and nothing else.فى حين أن كل شاب يأنف أن يرتبط جديا بفتاة أخذ منها معظم ما يريد
Source: While every guys that wants to be with a girl for real and take most of what he wants from her
Translation: ",وفي حين أن كل شاب يأنف أن يرتبط جديا بفتاة أخذ منها معظم ما يريد
The letter of this type I appreciate it a lot and keep it for me always,الرسالة من هذة النوعية أنا أعتز بها جداً وأتركها عندى دائماً,الجواب اللي من النوع هذا انا نعتز بيها برشا و نخليها ديما عندي,الرساله بقي اللي من النوعيه دي انا بعتز بيها جدا وبخليها عندي دائما,الرسالة الي من النوعية هاي انا بعتز فيها كتير وبخليها عندي,الرساله اللي هيك انا بعتز فيها  كتير وبخليها معي دايما,الرسالة الي من هالنوعية أنا بتشرف فيها وبخليها عندي على طول,"<|im_start|>user
Translate the following source text from MSA to TN. Only return the TN translation and nothing else.الرسالة من هذة النوعية أنا أعتز بها جداً وأتركها عندى دائماً
Source: The letter of this type I appreciate it a lot and keep it for me always
Translation: ",رسالة هذا النوع أنا أعتز بها جداً وأتركها عندى دائماً
And some people gets mad of each other and dear ones who leave each other,وبعض الناس يغضبون على بعضهم البعض والأعزاء يتركون بعضهم,فما ناس يتغششوا على بعضهم وأحباب يبعدوا على بعضهم,وفى ناس بتزعل من بعض وحبايب بيتفرقوا عن بعض,وفي ناس بزعلو من بعض وحبايب بتفرقو عن بعض,وفي نا بتتزاعل وحبايب بفترقوا,وفي ناس بتزعل من بعض وحبايب بيتفرقوا عن بعض,"<|im_start|>user
Translate the following source text from MSA to TN. Only return the TN translation and nothing else.وبعض الناس يغضبون على بعضهم البعض والأعزاء يتركون بعضهم
Source: And some people gets mad of each other and dear ones who leave each other
Translation: ",وبعض الناس يغضبون على بعضهم البعض والأعزاء يتركون بعضهم
but the truth is that we hear good words from each other,ولكن الحقيقه إننا نسمع من بعضنا كلام طيب عن بعض,اما الحقيقة اننا نسمعوا بعضنا كلام باهي و موش باهي,لكن الحقيقة أننا نسمع من بعضنا الطيب كلام ا ليس طيب ا,الحقيقة انا بنسمع حكي حلو من بعضنا,ولكن في الواقع بنسمع من البعض اللي ببين انو طيب( كلام مش طيب ),لكن الحقيقة أننا نسمع من بعضنا الكلام الطيب (ليس طيب ),"<|im_start|>user
Translate the following source text from MSA to TN. Only return the TN translation and nothing else.ولكن الحقيقه إننا نسمع من بعضنا كلام طيب عن بعض
Source: but the truth is that we hear good words from each other
Translation: ",ولكن الحقيقة أننا نسمع من بعضنا كلام طيب عن بعض
"Play for him the song,  we love you ass",نقوم بتشغيل أغنية بنحبك يا حمار,نحطولوا غناية بنحبك يا حمار,نشغله اغنية بنحبك يا حمار,نشغلو اغنية بحبك يا حمار,نشغله اغنية بنحبك يا حمار,رح نحطلك أغنية بحبك ياحمار,"<|im_start|>user
Translate the following source text from MSA to TN. Only return the TN translation and nothing else.نقوم بتشغيل أغنية بنحبك يا حمار
Source: Play for him the song,  we love you ass
Translation: ",لعب له أغنية ، نحبك يا حمار
We have to increase their awareness.,ويجب علينا زياده توعيتهم,و لازمنا نزيدو نوعيوهم,ويجب علينا زياده توعيتهم,ولازم نوعيهم,ومفروض منا زيادة توعيتهم,ولازم نحنا نزيد توعيتهم,"<|im_start|>user
Translate the following source text from MSA to TN. Only return the TN translation and nothing else.ويجب علينا زياده توعيتهم
Source: We have to increase their awareness.
Translation: ",يجب علينا زيادة توعيتهم
"And be very nice, shy but not very shy or be in all the stands a man",وانه يكون على خلق وخجول و لكن ليس خجول جداً و يكون رجلاً فى كل المواقف,و انو يكون متخلق و حشا اما موش حشام برشا و يكون راجل في كل المواقف,وانه يكون خلوق وخجول بس مش خجول اوي ويكون في كل المواقف راجل,وانو يكون خلوق وخجول بس مش خجول كتيرويكون زلمة بكل المواقف,وانو يكون خلوق وخجول بس مش كتير ويكون رجل في كل المواقف,وانو يكون مؤدب وخجول بس مو خجول كتير ويكون في كل المواقف رجال,"<|im_start|>user
Translate the following source text from MSA to TN. Only return the TN translation and nothing else.وانه يكون على خلق وخجول و لكن ليس خجول جداً و يكون رجلاً فى كل المواقف
Source: And be very nice, shy but not very shy or be in all the stands a man
Translation: ",و أنه يكون على خلق وخجول و لكن ليس خجول جداً و يكون رجلاً فى كل المواقف
Your blog is very nice,مدونتك جميلة جداً,مزيانة برشا مدونتك,جميلة جدا مدونتك,كتير حلوة مدونتك,كتير حلوه مدونتك,حلوة كتير كتاباتك,"<|im_start|>user
Translate the following source text from MSA to TN. Only return the TN translation and nothing else.مدونتك جميلة جداً
Source: Your blog is very nice
Translation: ",مدونتك جميلة جداً
"In the case I am sure of her behavior, I will tell my mother",في حالة اني تأكدت من تصرفاتها سأخبر والدتى,في حالة نتاكد من تصرفاتها و مبعد نقول لماما,في حالة اني اتأكدت من تصرفاتها وبعدين اقول لماما,بس اتاكد من تصرفاتها بحكي لماما,بحكيلك لو سمحتي اعطيني ميه بس المدير بقول هاتي ميه,بدي أتأكد ن تصرفاتها وبعدين أقول لماما,"<|im_start|>user
Translate the following source text from MSA to TN. Only return the TN translation and nothing else.في حالة اني تأكدت من تصرفاتها سأخبر والدتى
Source: In the case I am sure of her behavior, I will tell my mother
Translation: ",في حالة اني تأكدت من تصرفاتها سأخبر والدتى
"by the way, i spoke about this in my blog",لقد تحدثت فى هذا الموضوع فى مدونتى,على فكرة انا حكيت على الموضوع هذا في مدونتي,على فكرة انا اتكلمت عن الموضوع ده في مدونتي ..,على فكرة انا حكيت عن هالموضوع في مدونتي,على فكره انا حكيت عن هالموضوع في كتابي,على فكرة أنا حكيت عن الموضوع هاد في كتابياتي,"<|im_start|>user
Translate the following source text from MSA to TN. Only return the TN translation and nothing else.لقد تحدثت فى هذا الموضوع فى مدونتى
Source: by the way, i spoke about this in my blog
Translation: ",بعد النظر ، أتحدثت عن هذا الموضوع في مدونتي
the other said: what bothers me is that it is very low,رد الثانى عليه الذى يضايقنى أن السور قصير جداً,جاوبو الثاني اللي مقلقني انو واطي برشا,رد التاني عليه اللي مضايقني ان الترابزين واطي أوي,"رد التاني , الي مدايقني انو واطي كتير",رد الثاني عليه اللي مذايقني انو الدرابزين خابط عالآخر,رد التاني عليه قلو الي مضايقني أنو الطاولة واطية كتير,"<|im_start|>user
Translate the following source text from MSA to TN. Only return the TN translation and nothing else.رد الثانى عليه الذى يضايقنى أن السور قصير جداً
Source: the other said: what bothers me is that it is very low
Translation: ",أخر قال: ما يضيقني هو أنه قصير جداً
"and to you peace and mercy and blessings of god,sister shayma",وعليكم السلام و رحمة الله و بركاته أختي شيماء,و عليكم السلام و رحمة الله و بركاته أختي شيماء,و عليكم السلام و رحمة الله و بركاته أختي شيماء,وعليكم السلام ورحمة الله وبركاته اختي شيماء,وعيكم السلام ورحمة الله وبركاته شيماء,وعليكم السلام ورحمة الله وبركاته أختي شيماء,"<|im_start|>user
Translate the following source text from MSA to TN. Only return the TN translation and nothing else.وعليكم السلام و رحمة الله و بركاته أختي شيماء
Source: and to you peace and mercy and blessings of god,sister shayma
Translation: ",وعليكم السلام و رحمة الله و بركاته أختي شيماء
"I hope we make peace with the train, and return his happiness but not on the account of the people and the poor ones who love him",اري  انه من اضرورى  الان  مصالحه  القطار على ونفسه . ولكن  لايجب  ان  نتعدى على  حقوق   جموع  الشعب من  محبيه .,نتمناو نصلحوا القطر على روحو و نرجعولو فرحتو و سعادتو اما موش على حساب الناس الزواولة اللي تحبو,ياريت نصالح القطر على نفسة ونعيد لية فرحتة وسعادتة بس مش على حساب الناس والغلابة اللى بتحبة,يا ريت نصالح القطار على حالو ونرجعلو فرحتو بس مش على حساب الناس المسكينة اللي بتحبو,يا ريت نصلح القطار  بس مش على حساب الفقرا الي بستخدموه,ياريت نصالح البلد على حالو ونرجع نعيد الو فرحتو وسعادته بس مو على حساب الناس الفقيرة الي بتحبو,"<|im_start|>user
Translate the following source text from MSA to TN. Only return the TN translation and nothing else.اري  انه من اضرورى  الان  مصالحه  القطار على ونفسه . ولكن  لايجب  ان  نتعدى على  حقوق   جموع  الشعب من  محبيه .
Source: I hope we make peace with the train, and return his happiness but not on the account of the people and the poor ones who love him
Translation: ",أري أنه من اضرورى الان مصالحه القطار على ونفسه. ولكن لايجب ان نتعدى على حقوق جموع الشعب من محبيه.
The geniuses who will develop our world.,النوابغ من  سيطور  دنيانا .,النوابغ اللي باش يطورولنا دنيتنا,النوابغ اللى هيطورا دنيتنا,العباقرة رح يطورو الدنيا,النوابغ اللي بدهم يطوروا عالمنا,النوابغ الي رح يطورو دنيتنا,"<|im_start|>user
Translate the following source text from MSA to TN. Only return the TN translation and nothing else.النوابغ من  سيطور  دنيانا .
Source: The geniuses who will develop our world.
Translation: ",جينيس الذين سيتم تطوير العالم الحالي.
oh sweet boys,يالا  الروعه .,ملا عسل يا لولاد,يا حلاوة يا اولاد ..,يا حلاوة يا ولاد,يا الله يا اولاد..,يا سلام يا ولاد,"<|im_start|>user
Translate the following source text from MSA to TN. Only return the TN translation and nothing else.يالا  الروعه .
Source: oh sweet boys
Translation: ",يالا  الروعه .
a thousand thanks seriously,صدقاً شكراً جزيلاً ..,ألف ألف ألف شكر بالحق ..,ألف ألف ألف شكر بجد ..,جد الف الف الف شكرا,شكرا شكراااا عن جد,ألف أألف ألف شكراً عنجد .....,"<|im_start|>user
Translate the following source text from MSA to TN. Only return the TN translation and nothing else.صدقاً شكراً جزيلاً ..
Source: a thousand thanks seriously
Translation: ",جزيلاً شكراً صدقاً..
would you dream with me? Alshayma' Hamed,تحلم معى الشيماء حامد,نحلم بشيماء حامد معايا,تحلم معايا الشيماء حامد,تحلم معي الشيماء حامد,شيماء حامد تحلم معايا,بتحلم معي الشيماء حامد,"<|im_start|>user
Translate the following source text from MSA to TN. Only return the TN translation and nothing else.تحلم معى الشيماء حامد
Source: would you dream with me? Alshayma' Hamed
Translation: ","تحلم معى الشيماء حامد؟ --
Translation: تحلم معى الشيماء حامد؟ --"
my regards,تحياتى,تحياتى,تحياتى,تحياتي,تحياتي,سلامات,"<|im_start|>user
Translate the following source text from MSA to TN. Only return the TN translation and nothing else.تحياتى
Source: my regards
Translation: ",تحياتى
and this field i like it so much specially the characters and How you feel while you are writing,هذا من المجالات المحببه لى  وخاصه  مدى  احساسك  ودقتك عندما  تكتبين الشخصيات .,وإختصاص هذا أنا نحبو خاصةً كي تبدا تكب على الشخصيات والإحساس إلي تحسو,والمجال ده انا بحبه جدا خاصة الشخصيات ومدى احساسك وانتى تكتبى,المجال هاد كتير بحبو خاصة الشخصيات واحساسك وانتي بتكتبي,انا بحب هدا المجال كتير خاصه الشخصيات ومدى الاحساس وانتي تكتبي,والمجال هاد أنا بحبه كتير خاصة الشخصيات ومدى أحساسك وأنتي عم تكتبي,"<|im_start|>user
Translate the following source text from MSA to TN. Only return the TN translation and nothing else.هذا من المجالات المحببه لى  وخاصه  مدى  احساسك  ودقتك عندما  تكتبين الشخصيات .
Source: and this field i like it so much specially the characters and How you feel while you are writing
Translation: ",وهذا المجال يحبه بالغ وخاصه مدى احساسك ودقتك عندما تكتبين الشخصيات.
Or a thing but I learned to play on Ood as I can like this,لا شئ و لكنى أتعلم العزف على العود على قدر المستطاع,حتى شئ اما انا قاعد نتعلم العزف على العود على قد ما انجم,ولا حاجة بس أنا بتعلم العزف على العود على قدي كده,ولا اشي بس انا عم بتعلم عالعود يعني على قدي,ما في اشي  بس بتعلم العزف براحتي هيك,ولا شي بس أنا عم أتعلم على العزف على العود على قدي هيك,"<|im_start|>user
Translate the following source text from MSA to TN. Only return the TN translation and nothing else.لا شئ و لكنى أتعلم العزف على العود على قدر المستطاع
Source: Or a thing but I learned to play on Ood as I can like this
Translation: ",أو أشياء و لكن أتعلمت أن أتعمل على العود على قدر المستطاع
Saturday Sunday Monday... different in the names but at the end such as each other,السبت  والاحد والاثنين .... يختلفوا  فى الاسماء  ولكنهم  يتشابهون  تماما .,سبت أحد إثنين ...مختلفين فالإسم اما كيف بعضهم,سبت حد اتنين .. يختلفوا فى الأسماء لكنهم فى الآخر زى بعض ..,سبت واحد واتنين الاسم غير بس كلهم زي بعض,السبت الاحد الاثنين .. بختلفوا في الاسماء بس هم في الاخر زي بعض ..,السبت والأحد والأثنين ... بيختلفو في الأسم بس كلن متل بعض ....,"<|im_start|>user
Translate the following source text from MSA to TN. Only return the TN translation and nothing else.السبت  والاحد والاثنين .... يختلفوا  فى الاسماء  ولكنهم  يتشابهون  تماما .
Source: Saturday Sunday Monday... different in the names but at the end such as each other
Translation: ",سبت  والاحد والاثنين.... يختلفوا  فى الاسماء  ولكنهم  يتشابهون  تماما.
"OK, thanks God, we present the thread again, even if it's copied, at least it's beneficial and contains new subject which is nice and everyone can benefit from it ...",حسناً الشكر للرب نتقدم بالموضوع مرة اخرى و كأنه منسوخ على الاقل فيه فائده جديدة و الجميل يحتوى موضوع جديد و الاهم ان الجميع يستفاد منه,باهي و الحمد لله و نعاودوا تقديم الموضوع حتى لو كان مسجل على الاقل حاجة مفيدة و فيها برشا مواضيع جديدة و الكل ينجموا يستفادوا منو,طيب الحمد لله و نعيده الموضوع لو كان منقول بس فيه فائدة حاجة جديدة ده جميل و يهمنا الكل يستفيد منه,"طيب الحمد لله وبنعيد , الموضوع لو كان منقول بس في فائدة جديدة هاد حلو كتير وبهمنا الكل يستفيد",طيب الحمدلله ونعيده الموضوع لو كان منقول بس في اشي جديد ومهم وممكن الكل يستفيد منه,طيب الحمدالله ونعيد الموضوع لو كان منقول بس فيه شي مفيد جديد وهو جميل وبيهمنا الكل يستفيد منو,"<|im_start|>user
Translate the following source text from MSA to TN. Only return the TN translation and nothing else.حسناً الشكر للرب نتقدم بالموضوع مرة اخرى و كأنه منسوخ على الاقل فيه فائده جديدة و الجميل يحتوى موضوع جديد و الاهم ان الجميع يستفاد منه
Source: OK, thanks God, we present the thread again, even if it's copied, at least it's beneficial and contains new subject which is nice and everyone can benefit from it ...
Translation: ",حسناً الشكر للرب نتقدم بالموضوع مرة اخرى و كأنه منسوخ على الاقل فيه فائده جديدة و الجميل يحتوى موضوع جديد و الاهم ان الجميع يستفاد منه
And say that it is I who is convinced of this talk.,انا !! و تقول انى الذى مقتنع بهذا الكلام ؟,انا وتقول انا اللى مقتنع بالكلام هذا,انا وتقول ان انا اللى مقتنع بالكلام دة,انا وبتحكي انو انا الي مقتنع بهاد الحكي,انا وبتقول اني مقتنع بهدا الحكي,أنا وتقول أن أنا اللي مقتنع بالكلام هاد,"<|im_start|>user
Translate the following source text from MSA to TN. Only return the TN translation and nothing else.انا !! و تقول انى الذى مقتنع بهذا الكلام ؟
Source: And say that it is I who is convinced of this talk.
Translation: ",و تقول انى الذى مقتنع بهذا الكلام ؟
As there is no poor king,وايضا لا يوجد  ملك  فقير .,ما تلقاش ملك زوالي,ماهو مفيش ملك فقير بردو,مهو برضو ما في ملك فقير,مهو كمان مفش ملك فقير,وكمان مافي ملك فقير,"<|im_start|>user
Translate the following source text from MSA to TN. Only return the TN translation and nothing else.وايضا لا يوجد  ملك  فقير .
Source: As there is no poor king
Translation: ",وايضا لا يوجد  ملك  فقير.
"and the hearts of the poor, a means to satisfaction...",وقلوب الفقراء أوعية القناعة ..,قلوب الفقراء قنوعة,وقلوب الفقراء أوعية القناعة ..,قلوب الفقراء اوعية القناعة,وقلوب الفقراء اوعيه القناعه ...,وقلوب الفقراء أكتر قناعة,"<|im_start|>user
Translate the following source text from MSA to TN. Only return the TN translation and nothing else.وقلوب الفقراء أوعية القناعة ..
Source: and the hearts of the poor, a means to satisfaction...
Translation: ",وقلوب الفقيرين أوعية القناعة..
although I am supposed to be of the excellent people who are expected to have above ninety,رغم إننى من المفترض من الناس المتفوقين المتقع لهم فوق التسعين,اما المفروض الناس المتفوقة يفوتوا التسعين,رغم إني المفروض من الناس المتفوقة المتوقع لهم ما فوق التسعين,مع اني من المتفوقين الي متوقع الهم فوق التسعين,مع اني من المتفوقين لاوالمتوقع الهم فوق التسعين,رغم أنو المقروض هو من الناس المتفوقة المتوقع الهم يجيبو فوق  التسعين,"<|im_start|>user
Translate the following source text from MSA to TN. Only return the TN translation and nothing else.رغم إننى من المفترض من الناس المتفوقين المتقع لهم فوق التسعين
Source: although I am supposed to be of the excellent people who are expected to have above ninety
Translation: ",بينا أني من المفترض من الناس المتفوقين المتقع لهم فوق التسعين
"and when I feel pity, I see the pathos in others",استطيع ان  ارى  الشفقه  فى  اعين الاخرين  وذلك  وقت  ضيقى .,وكي نبدا فاد نشوف لخرين ساخفين علي,وحينما أكون مضفقا أرى الشفقة في الآخرين,لما اكون متدايق بشفق عالناس التانيين,وحينما اكون مضفقا ارى الشفقه في الاخرين,ووقت بكون متضايقة بشوف الشفقة في الناس,"<|im_start|>user
Translate the following source text from MSA to TN. Only return the TN translation and nothing else.استطيع ان  ارى  الشفقه  فى  اعين الاخرين  وذلك  وقت  ضيقى .
Source: and when I feel pity, I see the pathos in others
Translation: ",وعندما استطيع ان ارى الشفقة فى اعين الاخرين وذلك وقت ضيقى.
offcourse transported subject is deserved meaning has adjectives and properties which is said lately thanks to you my sister emey on care,بالطبع عندما يكون الموضوع المنقول يستحق بمعنى ان يحتوى على الصفات و الخصائص التى قيلت اخيراً ، شكراً لكى أختى الكريمة على الاهتمام,بالطبيعة وقت اللي يكون الموضوع المنقل يستاهل يعني فيه الصفات و الخصائص اللي مازال كيف قلناها توى نشكروك اختي ايمي على الاهتمام,طبعا لما يكون الموضوع المنقول يستاهل يعني فيه الصفات و الخصائص اللي لسه قايلينها من شوية شكرا لك أختي ايمي على الاهتمام,طبعا لما يكون الموضوع المنقول بستاهل يعني في الصفات والخصائص الي لسا حكيناها شكرا لك اختي ايمي على الاهتمام,الموضوع المنقول بستاهل انو ننقله لانو فيه الصفات والخصائص اللي حكيناها قبل شوي وشكرا الك ايمي على اهتمامك,طبعا لما بكون الموضع المنقول بيستاهل يعني في الصفات والأقتراحات  الي لسه شفيها من شوي شكرا ألك اختي ايمي على الأهتمام,"<|im_start|>user
Translate the following source text from MSA to TN. Only return the TN translation and nothing else.بالطبع عندما يكون الموضوع المنقول يستحق بمعنى ان يحتوى على الصفات و الخصائص التى قيلت اخيراً ، شكراً لكى أختى الكريمة على الاهتمام
Source: offcourse transported subject is deserved meaning has adjectives and properties which is said lately thanks to you my sister emey on care
Translation: ",بالطبع عندما يكون الموضوع المنقول يستحق بمعنى ان يحتوى على الصفات و الخصائص التى قيلت اخيراً، شكراً لكى أختى الكريمة على الاهتمام
"my beautiful friends, I love you all",اصحابي الحلوين كلكم بحبكم,اصحابي الغاليين الكلكم نحبكم,اصحابي الحلوين كلكم بحبكم,اصحابي الحلوين بحبكم كلكم,اصدقائي يا حلوين الكوا كل المحبه والاحترام,رفقاتي الحوين كلكم بحبكم,"<|im_start|>user
Translate the following source text from MSA to TN. Only return the TN translation and nothing else.اصحابي الحلوين كلكم بحبكم
Source: my beautiful friends, I love you all
Translation: ",اصحابي الحلوين كلكم بحبكم
what did we do ??,ماذا فعلنا نحن ؟؟,و احنا شنوى عملنا؟؟,هوا احنا عملنا ايييه ؟؟,هو احنا شو عملنا ؟؟,واحنا شو سوينا ؟,هو نحنا شو عملنا ؟؟؟؟؟,"<|im_start|>user
Translate the following source text from MSA to TN. Only return the TN translation and nothing else.ماذا فعلنا نحن ؟؟
Source: what did we do ??
Translation: ",ماذا فعلنا نحن ؟؟
I told him you can understand it the way you like Hanya's son,قلت له افهمها كما تفهمها,قتلو افهمها كيما تفهمها يا ولد هنية,قلت له افهمها زى ما تفهما يا ابن هنيه،,حكتلو افهما زي ما بدك يا ابن هنية,يا ابن هنيه افهمها زي ما بدك,قلتلو أفهما متل ما بدك تفهما يا أبن هنية,"<|im_start|>user
Translate the following source text from MSA to TN. Only return the TN translation and nothing else.قلت له افهمها كما تفهمها
Source: I told him you can understand it the way you like Hanya's son
Translation: ","قلت له افهمها كما تفهمها Hanya's son
Translation: قلت له افهمها كما تفهمها Hanya's son"
"If she could forget, maybe weeks, months and years",هذا اذا استطعت ان تنسى من الممكن اسابيع او شهور و ايضا سنوات,هذا كان نجمت تنسى يمكن تقعد اسابيع ولا شهور ولا عوام وشوف تنسى ولا لا,دة لو قدرت تنسى ممكن اسابيع وممكن شهور وكمان ممكن سنين,هاد لو قدرت تنسى ممكن اسابيع وممكن شهور وكمان سنين,ممكن اسابيع وممكن شهور وممكن سنين كمان هدا لو قدرت تنسى,هاد لو قدرت تنسى ممكن اسابيع وممكن شهور وكمان ممكن سنين,"<|im_start|>user
Translate the following source text from MSA to TN. Only return the TN translation and nothing else.هذا اذا استطعت ان تنسى من الممكن اسابيع او شهور و ايضا سنوات
Source: If she could forget, maybe weeks, months and years
Translation: ",إذا تمكنت من تنسي من الممكن اسابيع أو شهور و إضاءلاً سنوات
"anyway, believe me, I love animals a lot",على كل حال  صدقينى انا احب الحيوانات كثيرا جداا جداا,على كل حال صدقيني انا نحب الحيوانات برشا,على كل حال صدقيني انا بحب الحيوانات كتير اوي اوي,على كل حال صدقيني انا بحب الحيوانات كتير كتير,على كل حال صدقيني انا كتير بحب الحيوانات,على كل حال صدقيني أنا بحب الحيوانات كتير كتير كتير,"<|im_start|>user
Translate the following source text from MSA to TN. Only return the TN translation and nothing else.على كل حال  صدقينى انا احب الحيوانات كثيرا جداا جداا
Source: anyway, believe me, I love animals a lot
Translation: ",على كل حال  صدقينى انا احب الحيوانات كثيرا جداا جداا
"but in this case, it'll be a burden to be a leader",و لكن فى هذه الحاله و هى القياده سيكون الحمل كبير جداا,اما في الحالة هاذي شكون أدمين لحكاية صعيبة عليه برشا,بس في الحاله دي وهي القياده حيكون الحمل كبير اوي,بس في حالة القيادة هاي رح يكون الحمل كبير كثير,بس في هاي الحاله حالة القياده رح يكون الحمل كبير كثير,بس في الحالة هي وفي القيادة رح يكون الحمل كبير كتير,"<|im_start|>user
Translate the following source text from MSA to TN. Only return the TN translation and nothing else.و لكن فى هذه الحاله و هى القياده سيكون الحمل كبير جداا
Source: but in this case, it'll be a burden to be a leader
Translation: ",و لكن فى هذه الحاله و هى القياده سيكون الحمل كبير جداا
And Otnmny to be the daughter of Mr.flan.,و ليت يا والدى اذا كانت ابنة الحاج,و شخص يا ولدي كان جيت ولد سي فلان,وياريت ياوالدى لو كانت بنت الحاج فلان,ويا ريت لو انها بنت الحج فلان,ويا ريت يابا لو هي بنت الحج فلان,وياريت يا بابا لو كنت بنت الحج فلان,"<|im_start|>user
Translate the following source text from MSA to TN. Only return the TN translation and nothing else.و ليت يا والدى اذا كانت ابنة الحاج
Source: And Otnmny to be the daughter of Mr.flan.
Translation: ",و ليت يا والدى اذا كانت ابنة الحاج
to see to you an cure at halzona hospital for free,كى نجد لك علاج فى مستشفى الحلزونة مجاناً,على خاطر بش نشوفلك الدواء في صبيطار الحلزونة بلاش,عشان نشوفلك علاج فى مستشفى الحلزونة مجانا,عشان نشوفلك علاج مجاني في مستشفى الحلزونة,عشان نشوفلك علاج فى مستشفى الحلزونة مجانا,مشان نشوفلك علاج في مستسفى الحلزونة مجاناً,"<|im_start|>user
Translate the following source text from MSA to TN. Only return the TN translation and nothing else.كى نجد لك علاج فى مستشفى الحلزونة مجاناً
Source: to see to you an cure at halzona hospital for free
Translation: ",لك علاج فى مستشفى الحلزونة مجاناً
"He raised his voice a little and said there is a tree ahead, also he didn't reply to him",و رفع صوته قليلا قدامك شجره و لم يجيب عليه,علي صوتك شوية قدامك شجرة باش نجم نرجع عليك,فعلى صوته شوية قدامك شجرة برضه مردش عليه,على صوتو وحكى قدامك شجرة برضو ما رد علي,ورفع صوته وقال قدامك شجره وكمان ما رد عليه,وعلى صوتو شوي وقلو قدامك شجرة كمان ما رد عليه,"<|im_start|>user
Translate the following source text from MSA to TN. Only return the TN translation and nothing else.و رفع صوته قليلا قدامك شجره و لم يجيب عليه
Source: He raised his voice a little and said there is a tree ahead, also he didn't reply to him
Translation: ",و رفع صوته قليلا قدامك شجره و لم يجيب عليه
